id,category,subcategory,arabic,targetLanguage,originalText,arabicTranslation,literalTranslation,arabicPronunciation,country,region,dialect,register,audience,gender,ageGroup,situation,tone,formality,familiarity,frequency,culturalNotes,usageNotes,alternatives,relatedPhrases,confidence,sources,noDirectArabic
TR001,B ترحيب,ترحيب عام,يا هلا وسهلا,tr,Hoş geldiniz,أهلًا وسهلًا / مرحبًا بقدومكم,جئتم طيبين,هوش گِلدينيز,تركيا,عام,تركية معيارية يومية,محترم وودود,الجميع,الجميع,الجميع,ترحيب عند الدخول,ودود,محترم وودود,منخفضة,🔥 شائعة جدًا,يُكرر كثيرًا. للمفرد القريب: Hoş geldin. رد الزبون: Hoş bulduk.,أول جملة بعد دخول الزبون.,"Merhaba, hoş geldiniz","TR002,TR003",عالية,T1 T2,no
TR002,B ترحيب,دعوة,تفضل,tr,Buyurun,تفضل / ادخل / خذ,تفضّلوا,بويورون,تركيا,عام,,شعبي,الجميع,الجميع,الجميع,دعوة الدخول أو الأخذ,ودود,شعبي,منخفضة,🔥 شائعة جدًا,أوسع من تفضل العربية: ادخل، خذ، اجلس، تكلم.,,Buyurun bakın,,عالية,T1 T5,no
TR003,K وداع/علاقة,رد ترحيب,(لا مقابل مباشر),tr,Hoş bulduk,وجدنا الترحيب طيبًا,وجدنا طيبًا,هوش بولْدوك,تركيا,عام,,محترم وودود,الجميع,الجميع,الجميع,رد الزبون على Hoş geldiniz,ودود,محترم وودود,منخفضة,🔥 شائعة جدًا,إلزام اجتماعي بعد الترحيب. يقوله الزبون لا البائع.,,,,عالية,T2,yes
TR004,A جذب,نداء,تعال شوف,tr,Buyurun bakın,تفضل انظر,,بويورون باقِن,تركيا,عام,,شعبي,الجميع,الجميع,الجميع,جذب عند الباب أو البسطة,ودود,شعبي,منخفضة,🔥 شائعة جدًا,,,Bir bakın isterseniz|Gel gel,,عالية,T1,no
TR005,A جذب,نداء شعبي,تعال تعال,tr,Gel gel!,تعال تعال,,گِل گِل,تركيا,عام,,شعبي,مارّ في السوق,الجميع,الجميع,بسطة/بازار,ودود,شعبي,منخفضة,🔥 شائعة جدًا,ثقيل في محل راقٍ أو مول.,,,,عالية,T2,no
TR006,A جذب,بلا التزام,بس شوف ما بتخسر شيء,tr,"Bir bakın, belki hoşunuza gider",شوف، يمكن يعجبك,,بير باقِن، بلكى هوشونوزا گيدر,تركيا,عام,,محترم وودود,الجميع,الجميع,الجميع,جذب بالفضول,ودود,محترم وودود,منخفضة,🔥 شائعة جدًا,,,"Sadece bakın, zorunlu değil",,عالية,T1 T5,no
TR007,A جذب,منتج,جديد وصل اليوم,tr,Yeni geldi!,وصل جديد,,ييني گلدي,تركيا,عام,,شعبي,الجميع,الجميع,الجميع,نداء بالحداثة,ودود,شعبي,منخفضة,🔥 شائعة جدًا,,,,,عالية,T5,no
TR008,C مخاطبة,رجل شعبي,يا أخوي,tr,Abi,يا أخوي,أخ كبير,آبي,تركيا,عام,,شعبي,رجل,رجل,الجميع,مخاطبة رجل في السوق,ودود,شعبي,منخفضة,🔥 شائعة جدًا,لغريب في pazar. في Boutique: Beyefendi.,,,,عالية,T1 T2,no
TR009,C مخاطبة,رجل مهذب,يا أستاذ,tr,Beyefendi,يا سيدي,,بي أفندي,تركيا,عام,,محترم وودود,الجميع,رجل,الجميع,مخاطبة مهذبة لرجل,ودود,محترم وودود,منخفضة,🔥 شائعة جدًا,,,Efendim,,عالية,T5,no
TR010,C مخاطبة,امرأة مهذبة,يا أستاذة,tr,Hanımefendi,يا سيدتي,,هانِم أفندي,تركيا,عام,,محترم وودود,الجميع,امرأة,الجميع,مخاطبة مهذبة لامرأة,ودود,محترم وودود,منخفضة,🔥 شائعة جدًا,,,Hanım,,عالية,T5,no
TR011,C مخاطبة,امرأة يومية,يا أختي,tr,Abla,يا أختي,أخت كبيرة,آبلا,تركيا,عام,,شعبي,الجميع,امرأة,الجميع,سوق شعبي لامرأة,ودود,شعبي,منخفضة,⭐ شائعة,,,,,عالية,T1,no
TR012,C مخاطبة,كبير سن,يا عم,tr,Amca,يا عم,,آمجه,تركيا,عام,,محترم وودود,الجميع,رجل,كبار,رجل أكبر سنًا,ودود,محترم وودود,منخفضة,🔥 شائعة جدًا,,,Teyze للنساء,,عالية,T5,no
TR013,D اكتشاف,تفرج أم طلب,بتدور على شيء ولا بتتفرج؟,tr,"Bakınıyor musunuz, yoksa bir şey mi arıyorsunuz?",بتتفرج ولا تدور على شيء؟,,باقِنِيور موسونوز يوكسا بير شيء مي آرِيورسونوز,تركيا,عام,,محترم وودود,الجميع,الجميع,الجميع,فتح حديث بعد الترحيب,ودود,محترم وودود,منخفضة,🔥 شائعة جدًا,,,,,عالية,T5,no
TR014,D اكتشاف,بس أتفرج,خذ راحتك أنا موجود,tr,"Tabii, rahatınıza bakın",أكيد، خذ راحتك,,طابي، راهاتِنِزا باقِن,تركيا,عام,,محترم وودود,الجميع,الجميع,الجميع,رد على المتفرج,ودود,محترم وودود,منخفضة,🔥 شائعة جدًا,,,,,عالية,T1 T5,no
TR015,E عرض,تقديم,شوف هذا,tr,Şuna bir bakın,شوف هذا,,شونا بير باقِن,تركيا,عام,,شعبي,الجميع,الجميع,الجميع,عرض منتج,ودود,شعبي,منخفضة,🔥 شائعة جدًا,,,,,عالية,T5,no
TR016,E عرض,جودة,شغل نظيف / خامة ممتازة,tr,Kaliteli mal,بضاعة جودة,,كاليتلي مال,تركيا,عام,,شعبي,الجميع,الجميع,الجميع,مدح المنتج,ودود,شعبي,منخفضة,🔥 شائعة جدًا,mal هنا = بضاعة محايدة في السوق.,,,,عالية,T1,no
TR017,E عرض,أصلي,هذا أصلي,tr,Hakiki / orijinal,أصلي / حقيقي,,هاكيقي / أوريجينال,تركيا,عام,,شعبي,الجميع,الجميع,الجميع,تمييز عن التقليد,ودود,شعبي,منخفضة,🔥 شائعة جدًا,,,,,عالية,T1,no
TR018,E عرض,يليق,هذا على ذوقك / يليق عليك,tr,Size yakışır,يليق عليك,,سِزه ياقيشير,تركيا,عام,,محترم وودود,الجميع,الجميع,الجميع,مجاملة المنتج,ودود,محترم وودود,منخفضة,⭐ شائعة,مع النساء بنبرة مهنية لا غزل.,,,,عالية,T5,no
TR019,E عرض,طلب,عليه طلب,tr,Bu çok satıyor,هذا ينباع كثير,,بو چوك ساتِيور,تركيا,عام,,شعبي,الجميع,الجميع,الجميع,إثبات اجتماعي,ودود,شعبي,منخفضة,⭐ شائعة,,,Çok soruyorlar bunu,,عالية,T5,no
TR020,H سعر,سؤال الزبون,بكم هذا؟,tr,Bu ne kadar?,بكم هذا؟,,بو نه قدَر,تركيا,عام,,شعبي,الجميع,الجميع,الجميع,سؤال سعر,ودود,شعبي,منخفضة,🔥 شائعة جدًا,,,Kaç lira?|Kaça?,,عالية,T1,no
TR021,H سعر,آخر سعر,آخر سعر,tr,Son fiyat,آخر سعر,,سون فيات,تركيا,عام,,شعبي,الجميع,الجميع,الجميع,إغلاق تفاوض,ودود,شعبي,منخفضة,🔥 شائعة جدًا,,,En son bu|Bunun altına inemem,,عالية,T1,no
TR022,H سعر,ثابت,السعر ثابت,tr,Fiyatımız net,سعرنا ثابت,,فياتِمِز نِت,تركيا,عام,,محترم وودود,الجميع,الجميع,الجميع,محل حديث / ماركة,ودود,محترم وودود,منخفضة,🔥 شائعة جدًا,,,Pazarlık yok,,عالية,T5,no
TR023,H خصم,شخصي,عشانك نضبطها,tr,Size özel bir fiyat vereyim,أعطيك سعرًا خاصًا,,سِزه أوزيل بير فيات فيرييم,تركيا,عام,,شعبي,الجميع,الجميع,الجميع,خصم شخصي,ودود,شعبي,منخفضة,🔥 شائعة جدًا,,,,,عالية,T1 T5,no
TR024,H تفاوض,كمية,إذا أخذت اثنين,tr,İki alırsanız indirim yaparım,إذا أخذت اثنين أنزّل,,إيكي آلِرسانِز إنديريم ياپارِم,تركيا,عام,,شعبي,الجميع,الجميع,الجميع,خصم مشروط,ودود,شعبي,منخفضة,🔥 شائعة جدًا,,,,,عالية,T1,no
TR025,H تفاوض,خسارة,والله ما أقدر,tr,Zararına veriyorum,ببيعها بخسارة,,زارارِنا فيريوروم,تركيا,عام,,شعبي,الجميع,الجميع,الجميع,رفض نزول إضافي,ودود,شعبي,منخفضة,⭐ شائعة,مبالغة سوقية لا تُؤخذ حرفيًا.,,Bunun altına inemem,,عالية,T5,no
TR026,H تفاوض,اتفاق,اتفقنا,tr,Anlaştık,اتفقنا,,أنلاشتِك,تركيا,عام,,شعبي,الجميع,الجميع,الجميع,إغلاق المساومة,ودود,شعبي,منخفضة,🔥 شائعة جدًا,,,,,عالية,T1,no
TR027,G اعتراض,غالي,غالي؟ شوف الجودة,tr,"Pahalı değil, kaliteli",مو غالي، جودته عالية,,پاهالِ دييل، كاليتلي,تركيا,عام,,شعبي,الجميع,الجميع,الجميع,رد على pahalı,ودود,شعبي,منخفضة,🔥 شائعة جدًا,,,,,عالية,T1,no
TR028,G اعتراض,بديل,عندي خيار أرخص,tr,Daha uygun bir model göstereyim,أوريك موديل أنسب,,داها أويغون بير موديل گوسترييم,تركيا,عام,,محترم وودود,الجميع,الجميع,الجميع,تحويل الاعتراض,ودود,محترم وودود,منخفضة,🔥 شائعة جدًا,,,,,عالية,T5,no
TR029,I إغلاق,تغليف,نغلفها لك؟,tr,Paketleyeyim mi?,أغلفها لك؟,,پاكتليييم مي,تركيا,عام,,محترم وودود,الجميع,الجميع,الجميع,إغلاق ناعم,ودود,محترم وودود,منخفضة,🔥 شائعة جدًا,,,,,عالية,T5,no
TR030,K وداع,دعوة عودة,ننتظرك / حياك مرة ثانية,tr,Yine bekleriz,ننتظرك مرة ثانية,,يينه بكلريز,تركيا,عام,,محترم وودود,الجميع,الجميع,الجميع,توديع,ودود,محترم وودود,منخفضة,🔥 شائعة جدًا,,,,,عالية,T3 T5,no
TR031,K وداع,بركة استخدام,(لا مقابل مباشر بنفس الشيوع),tr,Güle güle kullanın,استعملها وأنت فرحان,استخدم بضحكات,گوله گوله قوللانِن,تركيا,عام,,محترم وودود,الجميع,الجميع,الجميع,بعد إتمام البيع,ودود,محترم وودود,منخفضة,🔥 شائعة جدًا,,,,,عالية,T5,yes
TR032,K وداع,بركة شراء,(لا مقابل مباشر),tr,Hayırlı olsun,مبروك الشراء / بالبركة,,هايرلِ أولسون,تركيا,عام,,محترم وودود,الجميع,الجميع,الجميع,بعد الشراء,ودود,محترم وودود,منخفضة,🔥 شائعة جدًا,,,,,عالية,T5,yes
TR033,K وداع,دعاء للبائع,يعطيك العافية (قريب لا مطابق),tr,Kolay gelsin,تيسيرًا لشغلك,فليأتِ سهلًا,كولاي گِلسين,تركيا,عام,,محترم وودود,الجميع,الجميع,الجميع,يقوله الزبون للبائع,ودود,محترم وودود,منخفضة,🔥 شائعة جدًا,من أشهر العبارات التركية بلا نظير عربي بنفس التواتر.,,,,عالية,T2 T3,yes
TR034,L ضيافة,شاي,تفضل قهوة/شاي؟,tr,Çay içer misiniz?,تشرب شاي؟,,تشاي إيچر ميسينيز,تركيا,عام,,شعبي,الجميع,الجميع,الجميع,بازار/سجاد/ذهب,ودود,شعبي,منخفضة,🔥 شائعة جدًا,طقس بيع. القبول لا يُلزم بالشراء.,,,,عالية,T1,no
TR035,M مزاح,دائم,غبت علينا,tr,"Neredeydin, özlemiştik",وينك، اشتقنا,,نرده يدين، أوزله ميشتيك,تركيا,عام,,عفوي,زبون دائم,الجميع,الجميع,زبون دائم,ودود,عفوي,منخفضة,⭐ شائعة,,,,,متوسطة,T5,no
TR036,N غضب,اعتذار,معك حق,tr,"Haklısınız, dinliyorum",معك حق، أسمعك,,حقْلِسِنِز، دينليوروم,تركيا,عام,,رسمي جدًا,الجميع,الجميع,الجميع,زبون غاضب,ودود,رسمي جدًا,منخفضة,🔥 شائعة جدًا,,,,,عالية,T5,no
TR037,N إرجاع,حل,نبدله,tr,Değiştiririz / iade ederiz,نبدّل / نرجّع,,دييشتيريريز / إياده إديريز,تركيا,عام,,محترم وودود,الجميع,الجميع,الجميع,عيب/إرجاع,ودود,محترم وودود,منخفضة,🔥 شائعة جدًا,,,,,عالية,T5,no
TR038,N إرجاع,فاتورة,معك الفاتورة؟,tr,Fişiniz var mı?,معك الإيصال؟,,فيشينيز فار مِ,تركيا,عام,,محترم وودود,الجميع,الجميع,الجميع,إرجاع,ودود,محترم وودود,منخفضة,🔥 شائعة جدًا,,,,,عالية,T5,no
TR039,J إضافي,مكمل,خذ معها هذا يكملها,tr,"Yanına şunu alın, tamamlar",خذ معه هذا يكمّله,,يانِنا شونو آلِن، تمامْلار,تركيا,عام,,شعبي,الجميع,الجميع,الجميع,بيع إضافي,ودود,شعبي,منخفضة,🔥 شائعة جدًا,,,,,عالية,T5,no
TR040,C مخاطبة,تحذير,يا حبيبتي (ممنوع),tr,Canım / tatlım / güzelim,يا روحي / يا حلو — لا تُقال لغريبة,,جانِم / تاتلِم / گوزليم,تركيا,عام,,حميمي,الجميع,امرأة,الجميع,⚠️ لا تُقال لامرأة غريبة,ودود,حميمي,منخفضة,⚠️ حساسة,,,,,عالية,T5,no
TR041,P مثل,ثقافة,الزبون غالي,tr,Müşteri velinimetimizdir,الزبون ولي نعمتنا,,موشتري فلي نعمتِمِزدير,تركيا,عام,,رسمي جدًا,الجميع,الجميع,الجميع,لافتات وتجار تقليديون,ودود,رسمي جدًا,منخفضة,⭐ شائعة,,,,,عالية,T4,yes
TR042,I إغلاق,محاسبة,نحسبها لك؟,tr,Kasaya geçelim mi?,نروح على الصندوق؟,,كاسايا گه چه ليم مي,تركيا,عام,,محترم وودود,الجميع,الجميع,الجميع,إغلاق,ودود,محترم وودود,منخفضة,⭐ شائعة,,,,,عالية,T5,no
TR043,A جذب,استدعاء أخير,لا تروح عشانك أنزل,tr,"Abi, durun! Bir fiyat daha vereyim",قف! أعطيك سعر أحسن,,آبي دورون بير فيات داها فيرييم,تركيا,عام,,شعبي,الجميع,الجميع,الجميع,الزبون يغادر بعد السعر,ودود,شعبي,منخفضة,🔥 شائعة جدًا,مرة أو مرتين بابتسامة فقط.,,,,عالية,T5,no
TR044,H تفاوض,نتوسط,خلينا نتفق,tr,Orta yolda buluşalım,نتوسط الطريق,,أورتا يولدا بولوشالِم,تركيا,عام,,شعبي,الجميع,الجميع,الجميع,مساومة,ودود,شعبي,منخفضة,⭐ شائعة,,,,,عالية,T5,no
TR045,K دائم,طلب معتاد,ماذا نجهز لك اليوم؟,tr,Her zamanki mi?,طلبك المعتاد؟,,هر زمانكي مي,تركيا,عام,,عفوي,زبون دائم,الجميع,الجميع,زبون دائم,ودود,عفوي,منخفضة,⭐ شائعة,,,,,عالية,T5,no
ID001,B ترحيب,دعوة,تفضل,id,Silakan,تفضل,,سيلاكان,إندونيسيا,عام,,محترم وودود,الجميع,الجميع,الجميع,ترحيب ودعوة,ودود,محترم وودود,منخفضة,🔥 شائعة جدًا,,,Silakan masuk|Monggo,,عالية,I1 I4,no
ID002,B ترحيب,ترحيب رسمي,أهلًا وسهلًا,id,Selamat datang,أهلًا وسهلًا,سلامة القدوم,سلامات داتانغ,إندونيسيا,عام,,محترم وودود,الجميع,الجميع,الجميع,محل حديث/لافتة,ودود,محترم وودود,منخفضة,⭐ شائعة,,,,,عالية,I4,no
ID003,B ترحيب,جاوي,تفضل,id,Monggo,تفضل / تكرّم,,مونغّو,إندونيسيا,جاوة,,شعبي,الجميع,الجميع,الجميع,جاوة خصوصًا,ودود,شعبي,منخفضة,🔥 شائعة جدًا,جاوية حية. ليست فصحى مدرسية.,,,,متوسطة,I4,yes
ID004,A جذب,نداء,تعال شوف / ادخل,id,"Mampir, Kak!",عرّج/ادخل,,مامبير، كاك,إندونيسيا,عام,,شعبي,الجميع,الجميع,الجميع,warung/بسطة,ودود,شعبي,منخفضة,🔥 شائعة جدًا,,,,,عالية,I4,yes
ID005,A جذب,بلا التزام,بس شوف ما بتخسر,id,"Lihat dulu, nggak wajib beli",شوف أول، مو لازم تشتري,,ليهات دولو، إنغّاك واجب بيلي,إندونيسيا,عام,,شعبي,الجميع,الجميع,الجميع,جذب,ودود,شعبي,منخفضة,🔥 شائعة جدًا,,,,,عالية,I1 I4,no
ID006,A جذب,جديد,وصل اليوم,id,Yang ini baru datang,هذا وصل جديد,,يانغ إيني بارو داتانغ,إندونيسيا,عام,,شعبي,الجميع,الجميع,الجميع,نداء منتج,ودود,شعبي,منخفضة,🔥 شائعة جدًا,,,,,عالية,I4,no
ID007,C مخاطبة,محايد حديث,يا أستاذ/أختي (قريب العمر),id,Kak,يا كاك,,كاك,إندونيسيا,عام,,شعبي,الجميع,الجميع,الجميع,تجزئة حديثة,ودود,شعبي,منخفضة,🔥 شائعة جدًا,للجنسين.,,,,عالية,I1,no
ID008,C مخاطبة,رجل محترم,يا أستاذ,id,Pak,يا أستاذ / يا عم,,پاك,إندونيسيا,عام,,محترم وودود,الجميع,رجل,الجميع,رجل أكبر أو محترم,ودود,محترم وودود,منخفضة,🔥 شائعة جدًا,,,,,عالية,I1,no
ID009,C مخاطبة,امرأة محترمة,يا أستاذة,id,Bu,يا مدام / يا أستاذة,,بو,إندونيسيا,عام,,محترم وودود,الجميع,امرأة,الجميع,امرأة أكبر أو محترمة,ودود,محترم وودود,منخفضة,🔥 شائعة جدًا,,,,,عالية,I1,no
ID010,C مخاطبة,جاوة رجل,يا أخوي,id,Mas,يا أخ (جاوي),,ماس,إندونيسيا,جاوة+,,شعبي,الجميع,رجل,الجميع,رجل,ودود,شعبي,منخفضة,🔥 شائعة جدًا,,,,,عالية,I1 I4,no
ID011,C مخاطبة,جاوة امرأة,يا أختي,id,Mbak,يا أخت (جاوي),,مْباك,إندونيسيا,جاوة+,,شعبي,الجميع,امرأة,الجميع,امرأة,ودود,شعبي,منخفضة,🔥 شائعة جدًا,,,,,عالية,I4,no
ID012,D اكتشاف,سؤال حاجة,شو بدك اليوم؟,id,"Cari apa, Kak?",تدور على إيش؟,,تشاري آبا، كاك,إندونيسيا,عام,,شعبي,الجميع,الجميع,الجميع,فتح حديث,ودود,شعبي,منخفضة,🔥 شائعة جدًا,,,,,عالية,I1,no
ID013,D اكتشاف,متفرج,خذ راحتك,id,"Santai aja, lihat dulu",على راحتك شوف,,سانتاي أجا، ليهات دولو,إندونيسيا,عام,,شعبي,الجميع,الجميع,الجميع,رد المتفرج,ودود,شعبي,منخفضة,🔥 شائعة جدًا,,,,,عالية,I4,no
ID014,E عرض,طلب,عليه طلب,id,Ini yang lagi laku,هذا اللي ينباع,,إيني يانغ لاغي لاكو,إندونيسيا,عام,,شعبي,الجميع,الجميع,الجميع,إثبات اجتماعي,ودود,شعبي,منخفضة,🔥 شائعة جدًا,,,,,عالية,I4,no
ID015,E عرض,جودة,خامة ممتازة,id,"Bahannya bagus, bukan abal-abal",خامتُه حلوة مو زائفة,,باهانْنيا باغوس، بوكان أبال-أبال,إندونيسيا,عام,,شعبي,الجميع,الجميع,الجميع,مدح,ودود,شعبي,منخفضة,⭐ شائعة,,,,,عالية,I4,no
ID016,H سعر,سؤال,بكم؟,id,"Ini harganya berapa, Kak?",بكم هذا؟,,إيني هارجانيا بيراپا,إندونيسيا,عام,,شعبي,الجميع,الجميع,الجميع,سؤال سعر,ودود,شعبي,منخفضة,🔥 شائعة جدًا,,,,,عالية,I1,no
ID017,H سعر,ثابت,آخر سعر / السعر ثابت,id,Harga pas,السعر ثابت/الصافي,,هارجا پاس,إندونيسيا,عام,,شعبي,الجميع,الجميع,الجميع,عدم المساومة أو السعر الصافي,ودود,شعبي,منخفضة,🔥 شائعة جدًا,,,Harga mati,,عالية,I1 I2,yes
ID018,H سعر,نهائي,آخر سعر,id,Sudah paling murah,هذا أرخص ما عندي,,سوداه پالينغ موراه,إندونيسيا,عام,,شعبي,الجميع,الجميع,الجميع,إغلاق نزول,ودود,شعبي,منخفضة,🔥 شائعة جدًا,,,,,عالية,I1,no
ID019,H تفاوض,طلب خصم,في مجال؟,id,"Bisa lebih murah, Kak?",تقدر أرخص؟,,بيسا لبيه موراه,إندونيسيا,عام,,شعبي,الجميع,الجميع,الجميع,بداية مساومة,ودود,شعبي,منخفضة,🔥 شائعة جدًا,,,Bisa kurang?,,عالية,I1,no
ID020,H تفاوض,رفض لطيف,والله ما أقدر,id,"Wah, rugi saya, Kak",أتضرر/خسارة عليّ,,واه، روغي سايا,إندونيسيا,عام,,شعبي,الجميع,الجميع,الجميع,رفض خصم كبير,ودود,شعبي,منخفضة,🔥 شائعة جدًا,,,,,عالية,I1,yes
ID021,H خصم,شخصي,عشانك,id,"Khusus Kakak, saya potong",خصوصًا لك أنزّل,,خصوص كاكا، سايا پوتونغ,إندونيسيا,عام,,شعبي,الجميع,الجميع,الجميع,خصم شخصي,ودود,شعبي,منخفضة,🔥 شائعة جدًا,,,,,عالية,I1,no
ID022,H تفاوض,اتفاق,اتفقنا,id,Deal / oke,اتفقنا,,ديل / أوكي,إندونيسيا,عام,,شعبي,الجميع,الجميع,الجميع,إغلاق,ودود,شعبي,منخفضة,🔥 شائعة جدًا,,,,,عالية,I1,no
ID023,G اعتراض,غالي,غالي؟ شوف الجودة,id,"Mahal sih, tapi bahannya beda",غالي بس الخامة غير,,ماهال سي، تاپي باهانْنيا بيدا,إندونيسيا,عام,,شعبي,الجميع,الجميع,الجميع,رد mahal,ودود,شعبي,منخفضة,🔥 شائعة جدًا,,,,,عالية,I1,no
ID024,G اعتراض,بديل,عندي أرخص,id,Saya tunjukkan yang lebih hemat,أوريك أوفر,,سايا تونجوكّان يانغ لبيه هيمات,إندونيسيا,عام,,محترم وودود,الجميع,الجميع,الجميع,تحويل,ودود,محترم وودود,منخفضة,🔥 شائعة جدًا,,,,,عالية,I1,no
ID025,I إغلاق,تغليف,نغلفها لك؟,id,Saya bungkuskan ya?,أغلفها لك؟,,سايا بونغكوسكان يا,إندونيسيا,عام,,محترم وودود,الجميع,الجميع,الجميع,إغلاق ناعم,ودود,محترم وودود,منخفضة,🔥 شائعة جدًا,,,,,عالية,I2,no
ID026,K وداع,عودة,حياك مرة ثانية,id,"Makasih, mampir lagi ya",شكرًا، عرّج مرة ثانية,,ماكاشيه، مامبير لاغي يا,إندونيسيا,عام,,شعبي,الجميع,الجميع,الجميع,توديع,ودود,شعبي,منخفضة,🔥 شائعة جدًا,,,,,عالية,I4,no
ID027,K دائم,تمييز,يا هلا بالقديم,id,"Wah, langganan datang!",الزبون الدائم إجا!,,واه، لانغّانان داتانغ,إندونيسيا,عام,,عفوي,زبون دائم,الجميع,الجميع,زبون دائم,ودود,عفوي,منخفضة,🔥 شائعة جدًا,,,,,عالية,I4,no
ID028,K دائم,المعتاد,إيش نجهز لك,id,Yang biasa?,المعتاد؟,,يانغ بياسا,إندونيسيا,عام,,عفوي,زبون دائم,الجميع,الجميع,دائم,ودود,عفوي,منخفضة,🔥 شائعة جدًا,,,,,عالية,I4,no
ID029,N غضب,اعتذار,معك حق,id,"Saya dengar, Pak. Maaf sekali",أسمعك، آسف جدًا,,سايا دِنغار، پاك. ماعاف سكالي,إندونيسيا,عام,,محترم وودود,الجميع,الجميع,الجميع,غاضب,ودود,محترم وودود,منخفضة,🔥 شائعة جدًا,,,,,عالية,I4,no
ID030,J إضافي,مكمل,خذ معها,id,"Sekalian yang ini, nyambung",خذ هذا معه يكمّل,,سكاليان يانغ إيني، نيامبونغ,إندونيسيا,عام,,شعبي,الجميع,الجميع,الجميع,بيع إضافي,ودود,شعبي,منخفضة,🔥 شائعة جدًا,,,,,عالية,I4,no
ID031,H سعر,جملة,سعر جملة,id,Harga grosir,سعر جملة,,هارجا غروسير,إندونيسيا,عام,,شعبي,الجميع,الجميع,الجميع,كمية,ودود,شعبي,منخفضة,⭐ شائعة,,,,,عالية,I1,no
ID032,A جذب,عرض,عندنا عرض,id,Ada promo hari ini,عندنا عرض اليوم,,آدا پرومو هاري إيني,إندونيسيا,عام,,شعبي,الجميع,الجميع,الجميع,جذب,ودود,شعبي,منخفضة,🔥 شائعة جدًا,,,,,عالية,I4,no
ID033,C مخاطبة,تحذير,يا حبيبتي,id,Sayang / cantik (نداء),يا حبيبي/يا حلوة — لا تُقال لغريبة,,سايانغ / تشانتيك,إندونيسيا,عام,,حميمي,الجميع,امرأة,الجميع,⚠️ غريبة,ودود,حميمي,منخفضة,⚠️ حساسة,,,,,عالية,I4,no
ID034,I إغلاق,دفع,كاش أو شبكة,id,Bayar tunai atau qris/kartu?,نقدًا أو QR/بطاقة؟,,بايار توناي أو كريس,إندونيسيا,عام,,محترم وودود,الجميع,الجميع,الجميع,دفع,ودود,محترم وودود,منخفضة,🔥 شائعة جدًا,,,,,عالية,I4,yes
ID035,A جذب,تصفية,حراج / تصفية,id,Cuci gudang!,تصفية مستودع,,تشوتشي غودانغ,إندونيسيا,عام,,شعبي,الجميع,الجميع,الجميع,نداء سوق,ودود,شعبي,منخفضة,⭐ شائعة,,,,,عالية,I4,yes
ID036,K وداع,سلامة طريق,مع السلامة,id,Hati-hati di jalan,انتبه في الطريق,,هاتي-هاتي دي جالان,إندونيسيا,عام,,محترم وودود,الجميع,الجميع,الجميع,توديع,ودود,محترم وودود,منخفضة,🔥 شائعة جدًا,,,,,عالية,I4,no
ID037,N إرجاع,تبديل,نبدله,id,Bisa ditukar,يمكن تبديله,,بيسا ديتوكار,إندونيسيا,عام,,محترم وودود,الجميع,الجميع,الجميع,إرجاع,ودود,محترم وودود,منخفضة,🔥 شائعة جدًا,,,,,عالية,I4,no
ID038,E عرض,تجربة,جرّب,id,"Coba dulu, Kak",جرّب أول,,تشوبا دولو,إندونيسيا,عام,,شعبي,الجميع,الجميع,الجميع,ملابس/عطر/أكل,ودود,شعبي,منخفضة,🔥 شائعة جدًا,,,,,عالية,I1,no
ID039,H تفاوض,رأس مال,ما أقدر,id,Saya belum balik modal,بعدني ما غطيت رأس المال,,سايا بلوم باليك مودال,إندونيسيا,عام,,شعبي,الجميع,الجميع,الجميع,رفض خصم,ودود,شعبي,منخفضة,⭐ شائعة,,,,,عالية,I1 I2,no
ID040,K غير مشترٍ,وجه طيب,ولا يهمك,id,"Nggak apa-apa, lain kali mampir lagi",عادي، المرة الجاية تعال,,إنغّاك آبا-آبا,إندونيسيا,عام,,محترم وودود,الجميع,الجميع,الجميع,لم يشترِ,ودود,محترم وودود,منخفضة,🔥 شائعة جدًا,,,,,عالية,I4,no
TJ001,B ترحيب,ترحيب عام,يا هلا وسهلا,tg,Хуш омадед,أهلًا وسهلًا,جئتم طيبين,خوش آمديد,طاجيكستان,عام,,محترم وودود,الجميع,الجميع,الجميع,دخول المحل,ودود,محترم وودود,منخفضة,🔥 شائعة جدًا,,,,,عالية,J1 J2,no
TJ002,B ترحيب,دعوة,تفضل,tg,Марҳамат,تفضل / خذ / ادخل,,مرحَمَت,طاجيكستان,عام,,محترم وودود,الجميع,الجميع,الجميع,دعوة متعددة الوظائف,ودود,محترم وودود,منخفضة,🔥 شائعة جدًا,,,,,عالية,J3,no
TJ003,B ترحيب,إسلامي,السلام عليكم,tg,Ассалом алейкум,السلام عليكم,,أسلوم عليكوم,طاجيكستان,عام,,محترم وودود,الجميع,الجميع,الجميع,افتتاح اللقاء,ودود,محترم وودود,منخفضة,🔥 شائعة جدًا,,,,,عالية,J3,no
TJ004,A جذب,نداء,تعال شوف,tg,"Биёед, бинед",تعال انظر,,بيوييد، بينيد,طاجيكستان,عام,,شعبي,الجميع,الجميع,الجميع,جذب,ودود,شعبي,منخفضة,🔥 شائعة جدًا,,,,,عالية,J3,no
TJ005,A جذب,جديد,وصل اليوم,tg,Нав омад,وصل جديد,,نوْ آمد,طاجيكستان,عام,,شعبي,الجميع,الجميع,الجميع,نداء حداثة,ودود,شعبي,منخفضة,🔥 شائعة جدًا,,,,,متوسطة,J3,no
TJ006,C مخاطبة,رجل,يا أخوي,tg,Ака,يا أخ (أكبر),,أكا,طاجيكستان,عام,,شعبي,الجميع,رجل,الجميع,مخاطبة رجل,ودود,شعبي,منخفضة,🔥 شائعة جدًا,,,Ҷаноб,,عالية,J3,no
TJ007,C مخاطبة,امرأة,يا أختي / يا أستاذة,tg,Апа,يا أخت (أكبر),,أپا,طاجيكستان,عام,,شعبي,الجميع,امرأة,الجميع,مخاطبة امرأة,ودود,شعبي,منخفضة,🔥 شائعة جدًا,,,Хонум,,عالية,J3,no
TJ008,C مخاطبة,رجل مهذب,يا أستاذ,tg,Ҷаноб,يا جناب,,جناب,طاجيكستان,عام,,محترم وودود,الجميع,رجل,الجميع,أدب أعلى,ودود,محترم وودود,منخفضة,⭐ شائعة,,,,,عالية,J3,no
TJ009,C مخاطبة,امرأة مهذبة,يا مدام,tg,Хонум,يا خانم / سيدتي,,خانم,طاجيكستان,عام,,محترم وودود,الجميع,امرأة,الجميع,أدب أعلى,ودود,محترم وودود,منخفضة,🔥 شائعة جدًا,,,,,عالية,J3,no
TJ010,L ضيافة,شاي,تفضل شاي؟,tg,Чой бинӯшед,اشرب شاي,,چوي بينوشيد,طاجيكستان,عام,,شعبي,الجميع,الجميع,الجميع,دكان تقليدي/بازار,ودود,شعبي,منخفضة,⭐ شائعة,,,,,متوسطة,J3,no
TJ011,D اكتشاف,متفرج,خذ راحتك,tg,"Марҳамат, озодона бинед",تفضل انظر بحرية,,مرحمت، أزودونا بينيد,طاجيكستان,عام,,محترم وودود,الجميع,الجميع,الجميع,رد المتفرج,ودود,محترم وودود,منخفضة,🔥 شائعة جدًا,,,,,متوسطة,J3,no
TJ012,H سعر,سؤال,بكم؟,tg,Ин чанд пул?,بكم هذا؟,,إن چند پول,طاجيكستان,عام,,شعبي,الجميع,الجميع,الجميع,سؤال سعر,ودود,شعبي,منخفضة,🔥 شائعة جدًا,,,Нархаш чанд?|Сколько стоит?,,عالية,J1,no
TJ013,H سعر,آخر سعر,آخر سعر,tg,Нархи охирин,آخر سعر,,نرخِ آخرين,طاجيكستان,عام,,شعبي,الجميع,الجميع,الجميع,تفاوض,ودود,شعبي,منخفضة,🔥 شائعة جدًا,,,,,متوسطة,J3,no
TJ014,G اعتراض,غالي,غالي,tg,Ин хеле қиммат,هذا غالي جدًا,,إن هيلي قِيمت,طاجيكستان,عام,,شعبي,الجميع,الجميع,الجميع,اعتراض زبون,ودود,شعبي,منخفضة,🔥 شائعة جدًا,,,Ин бисёр ҳам қиммат,,عالية,J1,no
TJ015,G اعتراض,رد جودة,غالي؟ شوف الجودة,tg,"Қиммат не, сифаташ дигар",مو غالي، جودته غير,,قِيمت ني، صفاتش ديغر,طاجيكستان,عام,,شعبي,الجميع,الجميع,الجميع,رد البائع,ودود,شعبي,منخفضة,⭐ شائعة,,,,,متوسطة,J3,no
TJ016,H خصم,شخصي,عشانك,tg,Барои шумо нарх медиҳам,أعطيك سعرًا,,براي شومو نرخ مِديهم,طاجيكستان,عام,,شعبي,الجميع,الجميع,الجميع,خصم شخصي,ودود,شعبي,منخفضة,⭐ شائعة,,,,,متوسطة,J3,no
TJ017,H خصم,دخيل روسي,خصم,tg,Скидка медиҳам,أعطيك خصمًا,,سكيدكا مديهم,طاجيكستان,عام,,شعبي,الجميع,الجميع,الجميع,سوق مختلط,ودود,شعبي,منخفضة,🔥 شائعة جدًا,,,,,عالية,J4,yes
TJ018,H تفاوض,كمية,إذا أخذت اثنين,tg,"Агар дуто гиред, тахфиф мекунам",إذا أخذت اثنين أخصم,,أغر دوتو غيريد، تخفيف ميكنم,طاجيكستان,عام,,شعبي,الجميع,الجميع,الجميع,خصم مشروط,ودود,شعبي,منخفضة,🔥 شائعة جدًا,,,,,متوسطة,J3,no
TJ019,I إغلاق,كيس,نغلفها / كيس,tg,Пакет лозим? / Печон?,تبغي كيس / أغلف؟,,پاكت لازِم,طاجيكستان,عام,,شعبي,الجميع,الجميع,الجميع,إغلاق,ودود,شعبي,منخفضة,🔥 شائعة جدًا,,,,,عالية,J1 J4,no
TJ020,K وداع,عودة,حياك مرة ثانية,tg,Боз биёед,تعال مرة ثانية,,باز بيوييد,طاجيكستان,عام,,محترم وودود,الجميع,الجميع,الجميع,توديع,ودود,محترم وودود,منخفضة,🔥 شائعة جدًا,,,То дидор|Хайр,,عالية,J3,no
TJ021,K وداع,شكر,شكرًا,tg,Ташаккур / Раҳмат,شكرًا,,تشكور / رحمت,طاجيكستان,عام,,محترم وودود,الجميع,الجميع,الجميع,شكر,ودود,محترم وودود,منخفضة,🔥 شائعة جدًا,,,,,عالية,J1,no
TJ022,E عرض,جودة,جودة ممتازة,tg,Сифаташ хуб,جودته طيبة,,صفاتش خوب,طاجيكستان,عام,,شعبي,الجميع,الجميع,الجميع,مدح,ودود,شعبي,منخفضة,🔥 شائعة جدًا,,,,,عالية,J3,no
TJ023,E عرض,أصلي,أصلي مو تقليد,tg,"Аслӣ, на қалбакӣ",أصلي لا مزيف,,أصلي، نَ قلبكي,طاجيكستان,عام,,شعبي,الجميع,الجميع,الجميع,تمييز,ودود,شعبي,منخفضة,⭐ شائعة,,,,,متوسطة,J3,no
TJ024,N غضب,اعتذار,معك حق,tg,Шумо ҳақ доред. Ман гӯш мекунам,معك حق أسمعك,,شومو حق داريد,طاجيكستان,عام,,محترم وودود,الجميع,الجميع,الجميع,غاضب,ودود,محترم وودود,منخفضة,⭐ شائعة,,,,,متوسطة,J3,no
TJ025,N إرجاع,تبديل,نبدله,tg,Иваз мекунем,نبدّل,,إيوز ميكنيم,طاجيكستان,عام,,محترم وودود,الجميع,الجميع,الجميع,إرجاع,ودود,محترم وودود,منخفضة,⭐ شائعة,,,,,متوسطة,J3,no
TJ026,K دائم,غبت,من زمان ما شفناك,tg,Кайҳо шуморо надидем,ما شفناكم من زمان,,كايها شومورو نَديديم,طاجيكستان,عام,,عفوي,زبون دائم,الجميع,الجميع,دائم,ودود,عفوي,منخفضة,⭐ شائعة,,,,,متوسطة,J3,no
TJ027,A جذب,خصم,عندنا خصم,tg,Тахфиф ҳаст,في خصم,,تخفيف هست,طاجيكستان,عام,,شعبي,الجميع,الجميع,الجميع,جذب,ودود,شعبي,منخفضة,⭐ شائعة,,,,,عالية,J3,no
TJ028,H سعر,عملة,هذا السعر,tg,Нархаш … сомонӣ,سعره … سوموني,,نرخَش … سوموني,طاجيكستان,عام,,شعبي,الجميع,الجميع,الجميع,ذكر السعر,ودود,شعبي,منخفضة,🔥 شائعة جدًا,,,,,عالية,J1,yes
TJ029,L مائدة,هنيئًا,بالعافية,tg,Нӯш ҷон,هنيئًا,,نوش جان,طاجيكستان,عام,,محترم وودود,الجميع,الجميع,الجميع,طعام,ودود,محترم وودود,منخفضة,⭐ شائعة,,,,,متوسطة,J3,yes
TJ030,C مخاطبة,تحذير,يا حبيبتي,tg,Ҷонам / азизам,يا روحي / يا عزيزي — لا تُقال لغريبة,,جانم / عزيزم,طاجيكستان,عام,,حميمي,الجميع,امرأة,الجميع,⚠️ غريبة,ودود,حميمي,منخفضة,⚠️ حساسة,,,,,عالية,J3,no
TJ031,D اكتشاف,حاجة,شو بدك؟,tg,Чӣ лозим? / Чӣ меҷӯед?,إيش لازم / إيش تدور؟,,چي لازِم,طاجيكستان,عام,,شعبي,الجميع,الجميع,الجميع,فتح حديث,ودود,شعبي,منخفضة,🔥 شائعة جدًا,,,,,متوسطة,J3,no
TJ032,G اعتراض,بديل,خيار أرخص,tg,Яке арзонтар нишон диҳам,أوريك واحد أرخص,,يكى أرزونتر نيشان دِهم,طاجيكستان,عام,,محترم وودود,الجميع,الجميع,الجميع,تحويل غالي,ودود,محترم وودود,منخفضة,⭐ شائعة,,,,,متوسطة,J3,no
TJ033,K غير مشترٍ,باب مفتوح,تعال أي وقت,tg,Харидан шарт нест. Бори дигар биёед,الشراء مش شرط. تعال مرة ثانية,,خريدن شرط نيست,طاجيكستان,عام,,محترم وودود,الجميع,الجميع,الجميع,لم يشترِ,ودود,محترم وودود,منخفضة,⭐ شائعة,,,,,متوسطة,J3,no
TJ034,H تفاوض,تحت هذا لا,هذا أقل سعر,tg,Аз ин поён намешавад,تحت هذا ما ينزل,,أز إن پاين نمى شود,طاجيكستان,عام,,شعبي,الجميع,الجميع,الجميع,إغلاق نزول,ودود,شعبي,منخفضة,⭐ شائعة,,,,,متوسطة,J3,no
TJ035,J إضافي,مكمل,خذ معها,tg,"Инро ҳам гиред, мувофиқ аст",خذ هذا أيضًا يناسبه,,إنرو هم غيريد,طاجيكستان,عام,,شعبي,الجميع,الجميع,الجميع,بيع إضافي,ودود,شعبي,منخفضة,⭐ شائعة,,,,,متوسطة,J3,no
FR001,B ترحيب,إلزام اجتماعي,أهلًا / السلام عليكم,fr,Bonjour Monsieur / Madame,صباح الخير يا سيد/سيدتي,,بونجور مسيو / مادام,فرنسا,عام,,محترم وودود,الجميع,الجميع,الجميع,أول كلمة عند الدخول,ودود,محترم وودود,منخفضة,🔥 شائعة جدًا,الدخول بلا Bonjour يُعد وقاحة.,,,,عالية,F1 F5,yes
FR002,B ترحيب,ترحيب,أهلًا وسهلًا,fr,Bienvenue,مرحبًا بكم,,بيانْڤو,فرنسا,عام,,محترم وودود,الجميع,الجميع,الجميع,محل سياحي/فندق,ودود,محترم وودود,منخفضة,⭐ شائعة,,,,,عالية,F2,no
FR003,B ترحيب,دعوة,تفضل,fr,Je vous en prie,تفضل / العفو / تفضل ادخل,,جو ڤوز آن پري,فرنسا,عام,,محترم وودود,الجميع,الجميع,الجميع,متعددة الوظائف,ودود,محترم وودود,منخفضة,🔥 شائعة جدًا,,,,,عالية,F5,yes
FR004,D اكتشاف,مساعدة,كيف أقدر أساعدك؟,fr,Je peux vous aider ?,أقدر أساعدكم؟,,جو پُو ڤو زيديه,فرنسا,عام,,محترم وودود,الجميع,الجميع,الجميع,بعد السلام,ودود,محترم وودود,منخفضة,🔥 شائعة جدًا,,,,,عالية,F2,no
FR005,D اكتشاف,متفرج,بس أتفرج,fr,Je ne fais que regarder,أتفرج فقط,,جو نُ فاي كُ رغارديه,فرنسا,عام,,محترم وودود,الجميع,الجميع,الجميع,الزبون يتفرج,ودود,محترم وودود,منخفضة,🔥 شائعة جدًا,,,,,عالية,F2,no
FR006,D اكتشاف,رد متفرج,خذ راحتك,fr,"Bien sûr, je vous laisse regarder",طبعًا أتركك تنظر,,بيان سور، جو ڤو ليس رغارديه,فرنسا,عام,,محترم وودود,الجميع,الجميع,الجميع,رد البائع,ودود,محترم وودود,منخفضة,🔥 شائعة جدًا,,,Prenez votre temps,,عالية,F1,no
FR007,A جذب,سوق,تعال شوف,fr,Venez voir / Approchez,تعال انظر / اقترب,,ڤنيه ڤوار / آپروشيه,فرنسا/فرنكوفونية,عام,,شعبي,الجميع,الجميع,الجميع,marché / سوق شعبي,ودود,شعبي,منخفضة,⭐ شائعة,,,,,عالية,F1,no
FR008,A جذب,عرض,عندنا عرض,fr,C’est soldé / Y a une promo,عليه تخفيض / في عرض,,سي سولديه / يا يون پرومو,فرنسا,عام,,محترم وودود,الجميع,الجميع,الجميع,عروض,ودود,محترم وودود,منخفضة,🔥 شائعة جدًا,,,,,عالية,F2,no
FR009,C مخاطبة,رجل,يا أستاذ,fr,Monsieur,يا سيد,,مسيو,فرنسا,عام,,محترم وودود,الجميع,رجل,الجميع,أي رجل بالغ غريب,ودود,محترم وودود,منخفضة,🔥 شائعة جدًا,,,,,عالية,F1,no
FR010,C مخاطبة,امرأة,يا أستاذة / يا مدام,fr,Madame,يا سيدة,,مادام,فرنسا,عام,,محترم وودود,الجميع,امرأة,الجميع,أي امرأة بالغة,ودود,محترم وودود,منخفضة,🔥 شائعة جدًا,Mademoiselle حساسة في فرنسا المعاصرة.,,,,عالية,F1,no
FR011,H سعر,سؤال,بكم؟,fr,C’est combien ?,بكم؟,,سي كوميان,فرنسا,عام,,شعبي,الجميع,الجميع,الجميع,سؤال سعر,ودود,شعبي,منخفضة,🔥 شائعة جدًا,,,,,عالية,F1 F2,no
FR012,H سعر,ثابت,السعر ثابت,fr,C’est le prix affiché,هذا السعر المعلن,,سي لُ پري أفيشيه,فرنسا,عام,,محترم وودود,الجميع,الجميع,الجميع,متجر حديث,ودود,محترم وودود,منخفضة,🔥 شائعة جدًا,,,,,عالية,F5,no
FR013,H خصم,لفتة,عشانك أنزل شوي,fr,Je vous fais un geste,أعمل لك لفتة (خصم صغير),,جو ڤو فاي أون جيست,فرنسا,عام,,محترم وودود,الجميع,الجميع,الجميع,خصم مسموح,ودود,محترم وودود,منخفضة,⭐ شائعة,,,,,عالية,F5,yes
FR014,H خصم,سعر خاص,عشانك,fr,Je vous fais un prix,أعطيك سعرًا,,جو ڤو فاي أون پري,فرنسا/المغرب/غرب أفريقيا,عام,,شعبي,الجميع,الجميع,الجميع,مساومة,ودود,شعبي,منخفضة,🔥 شائعة جدًا,,,,,عالية,F5,no
FR015,H سعر,آخر سعر,آخر سعر,fr,C’est mon dernier prix,هذا آخر سعر,,سي مون ديرنيه پري,أسواق/puces/مغرب,عام,,شعبي,الجميع,الجميع,الجميع,تفاوض,ودود,شعبي,منخفضة,🔥 شائعة جدًا,,,,,عالية,F1,no
FR016,H تفاوض,نتوسط,خلينا نتفق,fr,On coupe la poire en deux,نتوسط الفرق,نقطع الإجاصة نصفين,أون كوپ لا پوار آن دُ,فرنسا,عام,,شعبي,الجميع,الجميع,الجميع,مساومة مهذبة,ودود,شعبي,منخفضة,⭐ شائعة,,,,,عالية,F5,yes
FR017,H خصم,هدية/تقريب,زيادة / على الحساب,fr,C’est cadeau,هدية / على الحساب / السعر تافه,,سي كادو,فرنسا + فرنكوفونية,عام,,شعبي,الجميع,الجميع,الجميع,تقريب أو زيادة أو وصف سعر,ودود,شعبي,منخفضة,🔥 شائعة جدًا,,,,,عالية,F3,yes
FR018,G اعتراض,غالي,غالي,fr,C’est un peu cher,شوي غالي,,سي أون پُ شير,فرنسا,عام,,محترم وودود,الجميع,الجميع,الجميع,اعتراض مهذب,ودود,محترم وودود,منخفضة,🔥 شائعة جدًا,,,C’est trop cher,,عالية,F2,no
FR019,G اعتراض,رد جودة,غالي؟ شوف الجودة,fr,C’est le prix de la qualité,هذا سعر الجودة,,سي لُ پري دُ لا كاليتيه,فرنسا,عام,,محترم وودود,الجميع,الجميع,الجميع,رد,ودود,محترم وودود,منخفضة,⭐ شائعة,,,,,عالية,F5,no
FR020,G اعتراض,بديل,خيار أرخص,fr,Je vous montre une gamme plus douce,أوريك شريحة ألطف سعرًا,,جو ڤو مونتر يون غام پلو دوس,فرنسا,عام,,محترم وودود,الجميع,الجميع,الجميع,تحويل,ودود,محترم وودود,منخفضة,🔥 شائعة جدًا,,,,,عالية,F5,no
FR021,I إغلاق,تغليف,نغلفها لك؟,fr,Je vous l’emballe ?,أغلفها لكم؟,,جو ڤو لومبال,فرنسا,عام,,محترم وودود,الجميع,الجميع,الجميع,إغلاق ناعم,ودود,محترم وودود,منخفضة,🔥 شائعة جدًا,,,,,عالية,F2,no
FR022,I إغلاق,دفع,كاش أو بطاقة,fr,Carte ou espèces ?,بطاقة ولا نقد؟,,كارت أو إسپيس,فرنسا,عام,,محترم وودود,الجميع,الجميع,الجميع,دفع,ودود,محترم وودود,منخفضة,🔥 شائعة جدًا,,,,,عالية,F2,no
FR023,K وداع,وداع كامل,مع السلامة نورتنا,fr,"Merci, au revoir, bonne journée",شكرًا مع السلامة يوم سعيد,,ميرسي، أورڤوار، بون جورنيه,فرنسا,عام,,محترم وودود,الجميع,الجميع,الجميع,توديع,ودود,محترم وودود,منخفضة,🔥 شائعة جدًا,,,,,عالية,F1 F5,no
FR024,K وداع,عودة,حياك مرة ثانية,fr,À bientôt / Au plaisir de vous revoir,إلى اللقاء,,آ بيانْتو,فرنسا,عام,,محترم وودود,الجميع,الجميع,الجميع,توديع,ودود,محترم وودود,منخفضة,🔥 شائعة جدًا,,,,,عالية,F5,no
FR025,K دائم,المعتاد,إيش نجهز لك,fr,Comme d’habitude ?,كالعادة؟,,كوم داديتود,فرنسا,عام,,عفوي,زبون دائم,الجميع,الجميع,زبون دائم,ودود,عفوي,منخفضة,🔥 شائعة جدًا,,,,,عالية,F5,no
FR026,N غضب,استماع,معك حق,fr,Je vous écoute / Vous avez raison,أسمعكم / معكم حق,,جو ڤو زكوت,فرنسا,عام,,محترم وودود,الجميع,الجميع,الجميع,غاضب,ودود,محترم وودود,منخفضة,🔥 شائعة جدًا,تجنّب Calmez-vous.,,,,عالية,F5,no
FR027,N إرجاع,حل,نبدله أو نرجّع,fr,On échange ou on rembourse,نبدّل أو نرجّع المبلغ,,أون إشانج أو أون رنبورس,فرنسا,عام,,محترم وودود,الجميع,الجميع,الجميع,شكوى,ودود,محترم وودود,منخفضة,🔥 شائعة جدًا,,,,,عالية,F2,no
FR028,J إضافي,مكمل,خذ معها,fr,Je vous montre ce qui va avec,أوريك اللي يمشي معه,,جو ڤو مونتر سُ كي ڤا أڤيك,فرنسا,عام,,محترم وودود,الجميع,الجميع,الجميع,بيع إضافي,ودود,محترم وودود,منخفضة,🔥 شائعة جدًا,,,,,عالية,F5,no
FR029,C مخاطبة,تحذير,يا حبيبتي,fr,Chérie / ma belle,يا حبيبتي / يا جميلة — خط أحمر,,شيري / ما بيل,فرنسا,عام,,حميمي,الجميع,امرأة,الجميع,⚠️ غريبة,ودود,حميمي,منخفضة,⚠️ حساسة,,,,,عالية,F4 F5,no
FR030,C مخاطبة,تحذير tu,ألفة زائدة,fr,Tutoiement فجائي (tu),مخاطبة بـأنت بدل vous,,تو,فرنسا,عام,,حميمي,الجميع,الجميع,الجميع,زبون غريب في محل,ودود,حميمي,منخفضة,⚠️ حساسة,,,,,عالية,F4,no
FR031,E عرض,جديد,وصل اليوم,fr,C’est tout juste arrivé,وصل توّه,,سي تو جوست أريڤيه,فرنسا,عام,,محترم وودود,الجميع,الجميع,الجميع,عرض,ودود,محترم وودود,منخفضة,⭐ شائعة,,,,,عالية,F5,no
FR032,E عرض,الأكثر مبيعًا,عليه طلب,fr,C’est notre best-seller,هذا الأكثر مبيعًا,,سي نوتر بيست سيلر,فرنسا,عام,,محترم وودود,الجميع,الجميع,الجميع,إثبات اجتماعي,ودود,محترم وودود,منخفضة,⭐ شائعة,,,,,عالية,F5,no
FR033,E عرض,يليق,يليق عليك,fr,Ça vous va très bien,يليق عليك جدًا,,سا ڤو ڤا تري بيان,فرنسا,عام,,محترم وودود,الجميع,الجميع,الجميع,أمام المرآة,ودود,محترم وودود,منخفضة,⭐ شائعة,,,,,عالية,F2,no
FR034,A جذب,سوق غذاء,زيادة مني,fr,"Je vous mets un peu plus, c’est cadeau",أزودك شوي، هدية,,جو ڤو مي أون پُ پلو، سي كادو,فرنسا,عام,,شعبي,الجميع,الجميع,الجميع,سوق خضار/جبن,ودود,شعبي,منخفضة,⭐ شائعة,,,,,عالية,F3 F5,no
FR035,I إغلاق,طعام,خلاص؟,fr,Ce sera tout ?,هذا كل شيء؟,,سُ سرا تو,فرنسا,عام,,محترم وودود,الجميع,الجميع,الجميع,مخبز/مقهى/كاشير,ودود,محترم وودود,منخفضة,🔥 شائعة جدًا,,,,,عالية,F5,yes
FR036,K غير مشترٍ,وجه طيب,ولا يهمك,fr,Pas de souci. Revenez quand vous voulez,ما في مشكلة. ارجع متى ما حبيت,,پا دُ سوسي,فرنسا,عام,,محترم وودود,الجميع,الجميع,الجميع,لم يشترِ,ودود,محترم وودود,منخفضة,🔥 شائعة جدًا,,,,,عالية,F1,no
FR037,H تفاوض,كمية,إذا أخذت اثنين,fr,"Si vous en prenez deux, je fais un effort",إذا أخذت اثنين أبذل جهدًا,,سي ڤو زان پرنيه دُ,فرنسا/أسواق,عام,,شعبي,الجميع,الجميع,الجميع,خصم مشروط,ودود,شعبي,منخفضة,⭐ شائعة,,,,,عالية,F5,no
FR038,L مغرب,حرارة سوق,عشانك,fr,C’est bon prix,سعر طيب,,سي بون پري,المغرب/تونس/الجزائر,مغرب,,شعبي,الجميع,الجميع,الجميع,مساومة,ودود,شعبي,منخفضة,🔥 شائعة جدًا,,,,,متوسطة,F5,no
FR039,N إرجاع,فاتورة,معك الفاتورة؟,fr,Vous avez le ticket ?,معكم الإيصال؟,,ڤو زاڤيه لُ تيكيه,فرنسا,عام,,محترم وودود,الجميع,الجميع,الجميع,إرجاع,ودود,محترم وودود,منخفضة,🔥 شائعة جدًا,,,,,عالية,F2,no
FR040,E عرض,تجربة,جرّب,fr,Je vous le fais essayer,أخليك تجربه,,جو ڤو لُ فاي إيسييه,فرنسا,عام,,محترم وودود,الجميع,الجميع,الجميع,ملابس/عطر,ودود,محترم وودود,منخفضة,🔥 شائعة جدًا,,,,,عالية,F2,no
EN001,B ترحيب,ترحيب عام,يا هلا وسهلا,en,Hi there / Welcome in,أهلًا / تفضل ادخل,,هاي ذير / وِلكم إن,UK/US,عام,,محترم وودود,الجميع,الجميع,الجميع,ترحيب عند الدخول,ودود,محترم وودود,منخفضة,🔥 شائعة جدًا,لا مقابل حرفي لـ«نورتونا». للدائم: Good to see you.,,,,عالية,E1 E5,no
EN002,B ترحيب,دعوة,تفضل,en,Come on in,ادخل / تفضل,,كَم أون إن,UK/US,عام,,شعبي,الجميع,الجميع,الجميع,دعوة الدخول,ودود,شعبي,منخفضة,🔥 شائعة جدًا,,,Go ahead|After you,,عالية,E5,no
EN003,D اكتشاف,متفرج,بس أتفرج,en,Just browsing / just looking,بس أتفرج,,جَست براوزِنغ,UK/US,عام,,شعبي,الجميع,الجميع,الجميع,الزبون يرفض المساعدة بلطف,ودود,شعبي,منخفضة,🔥 شائعة جدًا,جملة ثقافية: غالبًا تعني اتركني. ليست مجرد ترجمة «أتفرج».,,,,عالية,E1 E2,yes
EN004,D اكتشاف,رد متفرج,خذ راحتك أنا موجود,en,I'll be right here if you need me,أنا هنا إذا احتجتني,,آيل بي رايت هير إف يو نيد مي,UK/US,عام,,محترم وودود,الجميع,الجميع,الجميع,رد على just browsing,ودود,محترم وودود,منخفضة,🔥 شائعة جدًا,,,Take your time|No problem,,عالية,E2 E5,no
EN005,A جذب,مساعدة UK,محتاج شيء؟,en,You all right there?,محتاج مساعدة؟ (ليست سؤال صحة),هل أنت بخير هناك؟,يو أول رايت ذير,المملكة المتحدة,بريطانيا,,شعبي,الجميع,الجميع,الجميع,اقتراب من زبون في محل بريطاني,ودود,شعبي,منخفضة,🔥 شائعة جدًا,,,,,عالية,E5,yes
EN006,A جذب,بلا التزام,بس شوف ما بتخسر شيء,en,"Have a look, no obligation",شوف، بلا التزام,,هاف أ لوك، نو أوبليغيشن,UK/US,عام,,شعبي,الجميع,الجميع,الجميع,سوق أو بسطة,ودود,شعبي,منخفضة,🔥 شائعة جدًا,,,,,عالية,E3 E5,no
EN007,A جذب,منتج,جديد وصل اليوم,en,This just came in,هذا وصل توّه,,ذِس جَست كيم إن,UK/US,عام,,محترم وودود,الجميع,الجميع,الجميع,عرض حداثة,ودود,محترم وودود,منخفضة,🔥 شائعة جدًا,,,,,عالية,E5,no
EN008,C مخاطبة,رجل مهذب,يا أستاذ,en,Sir,يا سيد — قليلًا أو بلا لقب,,سَر,UK/US,عام,,محترم وودود,الجميع,رجل,الجميع,مخاطبة رجل,ودود,محترم وودود,منخفضة,⭐ شائعة,الإنجليزية تبيع غالبًا بلا لقب.,,,,عالية,E5,no
EN009,C مخاطبة,امرأة مهذبة,يا أستاذة,en,Ma'am / (بلا لقب),يا سيدتي أو بلا نداء,,مام,الولايات المتحدة,عام,,محترم وودود,الجميع,امرأة,الجميع,مخاطبة امرأة,ودود,محترم وودود,منخفضة,⭐ شائعة,بعض النساء يكرهن Ma'am.,,,,عالية,E5,no
EN010,C مخاطبة,تحذير,يا حبيبتي (ممنوع),en,Babe / gorgeous / honey,يا حلوة / يا عسل — خط أحمر مع غريبة,,بيب / غورجَس / هاني,UK/US,عام,,حميمي,الجميع,امرأة,الجميع,⚠️ لا تُقال لامرأة غريبة,ودود,حميمي,منخفضة,⚠️ حساسة,,,,,عالية,E5,no
EN011,D اكتشاف,تفرج أم طلب,بتدور على شيء ولا بتتفرج؟,en,Looking for anything in particular?,تدور على شيء معيّن؟,,لوكِنغ فور إني ثِنغ إن بِرتِكيولَر,UK/US,عام,,محترم وودود,الجميع,الجميع,الجميع,فتح حديث,ودود,محترم وودود,منخفضة,🔥 شائعة جدًا,,,,,عالية,E1,no
EN012,E عرض,تقديم,شوف هذا,en,Have a look at this one,شوف هذا,,هاف أ لوك أت ذِس وَن,UK/US,عام,,محترم وودود,الجميع,الجميع,الجميع,عرض منتج,ودود,محترم وودود,منخفضة,🔥 شائعة جدًا,,,,,عالية,E5,no
EN013,E عرض,طلب,عليه طلب,en,It's one of our bestsellers,من الأكثر مبيعًا,,بِست سيلرز,UK/US,عام,,محترم وودود,الجميع,الجميع,الجميع,إثبات اجتماعي,ودود,محترم وودود,منخفضة,🔥 شائعة جدًا,,,,,عالية,E5,no
EN014,E عرض,جودة,شغل نظيف,en,It's well made — it'll last,شغل متقن ويعيش,,وِل ميد — إتِل لاست,UK/US,عام,,محترم وودود,الجميع,الجميع,الجميع,مدح,ودود,محترم وودود,منخفضة,🔥 شائعة جدًا,,,,,عالية,E5,no
EN015,E عرض,يليق,يليق عليك,en,It really suits you,يليق عليك,,إِت ريلي سووتس يو,UK/US,عام,,محترم وودود,الجميع,الجميع,الجميع,أمام المرآة,ودود,محترم وودود,منخفضة,🔥 شائعة جدًا,نبرة مهنية لا غزل.,,It looks great on you,,عالية,E5,no
EN016,H سعر,سؤال,بكم؟,en,How much is this?,بكم هذا؟,,هاو مَتش إز ذِس,UK/US,عام,,شعبي,الجميع,الجميع,الجميع,سؤال سعر,ودود,شعبي,منخفضة,🔥 شائعة جدًا,,,,,عالية,E1 E3,no
EN017,H سعر,ثابت,السعر ثابت,en,That's the ticket price,هذا سعر البطاقة,,تيكِت پرايس,UK/US,عام,,محترم وودود,الجميع,الجميع,الجميع,متجر حديث,ودود,محترم وودود,منخفضة,⭐ شائعة,,,That's the marked price,,عالية,E4 E5,no
EN018,H سعر,آخر سعر,آخر سعر,en,That's as low as I can go,هذا أقل سعر أقدر عليه,,ذات آز لو آز آي كان غو,UK/US أسواق,عام,,شعبي,الجميع,الجميع,الجميع,مساومة في سوق لا هاي ستريت,ودود,شعبي,منخفضة,🔥 شائعة جدًا,,,Best I can do is…,,عالية,E3,no
EN019,H خصم,شخصي,عشانك نضبطها,en,I can do a bit better,أقدر أحسّن السعر شوي,,آي كان دو أ بِت بِتَر,أسواق/تحف/سيارات,عام,,شعبي,الجميع,الجميع,الجميع,خصم إن كان مسموحًا,ودود,شعبي,منخفضة,⭐ شائعة,,,I can knock a bit off,,عالية,E3,no
EN020,H تفاوض,هدية بدل خصم,زيادة مني,en,I'll throw that in,أضيف لك هذا,,آيل ثرو ذات إن,أسواق,عام,,شعبي,الجميع,الجميع,الجميع,إضافة بدل إنزال الرقم,ودود,شعبي,منخفضة,⭐ شائعة,,,,,عالية,E3 E5,yes
EN021,H تفاوض,نتوسط,خلينا نتفق,en,Let's split the difference,نتوسط الفرق,نقسم الفرق,سبْلِت ذَ دِفْرَنس,أسواق/سيارات,عام,,شعبي,الجميع,الجميع,الجميع,مساومة,ودود,شعبي,منخفضة,⭐ شائعة,,,,,عالية,E3,yes
EN022,H تفاوض,اتفاق,اتفقنا,en,You've got a deal,اتفقنا,,يوڤ غوت أ ديل,UK/US,عام,,شعبي,الجميع,الجميع,الجميع,إغلاق مساومة,ودود,شعبي,منخفضة,🔥 شائعة جدًا,,,,,عالية,E3,no
EN023,G اعتراض,غالي,غالي,en,That's a bit pricey / a bit steep,شوي غالي,,أ بِت پرايسي / ستيب,UK/US,عام,,محترم وودود,الجميع,الجميع,الجميع,اعتراض زبون,ودود,محترم وودود,منخفضة,🔥 شائعة جدًا,,,,,عالية,E3 E5,no
EN024,G اعتراض,رد جودة,غالي؟ شوف الجودة,en,"It's a bit more, but the quality's there",أغلى شوي بس الجودة ظاهرة,,أ بِت مور بَت ذَ كوولِتي ذير,UK/US,عام,,محترم وودود,الجميع,الجميع,الجميع,رد على pricey,ودود,محترم وودود,منخفضة,🔥 شائعة جدًا,,,,,عالية,E5,no
EN025,G اعتراض,بديل,عندي خيار أرخص,en,Let me show you something in a different price range,أوريك شي في شريحة سعر ثانية,,دِفْرَنت پرايس رينج,UK/US,عام,,محترم وودود,الجميع,الجميع,الجميع,محل حديث بلا مساومة,ودود,محترم وودود,منخفضة,🔥 شائعة جدًا,,,,,عالية,E5,no
EN026,I إغلاق,تغليف,نغلفها لك؟,en,Shall I wrap that for you?,أغلفها لك؟,,شال آي راپ ذات,UK/US,عام,,محترم وودود,الجميع,الجميع,الجميع,إغلاق ناعم,ودود,محترم وودود,منخفضة,🔥 شائعة جدًا,,,,,عالية,E5,no
EN027,I إغلاق,زيادة بيع,شيء ثاني؟,en,Anything else today?,شيء ثاني اليوم؟,,إني ثِنغ إلس تُدي,UK/US,عام,,محترم وودود,الجميع,الجميع,الجميع,قبل الدفع,ودود,محترم وودود,منخفضة,🔥 شائعة جدًا,,,Will that be all?,,عالية,E5,no
EN028,I إغلاق,دفع,كاش أو بطاقة,en,Card or cash?,بطاقة ولا نقد؟,,كارد أور كاش,UK/US,عام,,محترم وودود,الجميع,الجميع,الجميع,دفع,ودود,محترم وودود,منخفضة,🔥 شائعة جدًا,,,,,عالية,E5,no
EN029,I إغلاق,جاهز US,(لا مقابل مباشر),en,You're all set,صرت جاهز / خلصت العملية,,يور أول سِت,الولايات المتحدة,عام,,محترم وودود,الجميع,الجميع,الجميع,بعد الدفع,ودود,محترم وودود,منخفضة,🔥 شائعة جدًا,,,,,عالية,E5,yes
EN030,K وداع,وداع US,مع السلامة نورتنا,en,Have a nice day,يوم سعيد,,هاف أ نايس دي,الولايات المتحدة,عام,,محترم وودود,الجميع,الجميع,الجميع,توديع,ودود,محترم وودود,منخفضة,🔥 شائعة جدًا,,,Have a good one|Take care,,عالية,E5,yes
EN031,K وداع,عودة,حياك مرة ثانية,en,Thanks for coming in,شكرًا على الزيارة,,ثنكس فور كَمِنغ إن,UK/US,عام,,محترم وودود,الجميع,الجميع,الجميع,توديع,ودود,محترم وودود,منخفضة,🔥 شائعة جدًا,,,Pop back anytime (UK),,عالية,E1 E5,no
EN032,K دائم,المعتاد,إيش نجهز لك اليوم؟,en,The usual?,المعتاد؟,,ذَ يوجوول,UK/US,عام,,عفوي,زبون دائم,الجميع,الجميع,زبون دائم,ودود,عفوي,منخفضة,🔥 شائعة جدًا,,,,,عالية,E5,no
EN033,K دائم,تمييز,يا هلا بالقديم,en,Good to see you again,سررت برؤيتك مرة ثانية,,غود تو سي يو أغين,UK/US,عام,,عفوي,زبون دائم,الجميع,الجميع,دائم رجع,ودود,عفوي,منخفضة,🔥 شائعة جدًا,,,,,عالية,E5,no
EN034,N غضب,اعتذار,معك حق,en,I'm sorry about that. Tell me what happened,آسف. قل لي ماذا صار,,آيم سوري أباوت ذات,UK/US,عام,,محترم وودود,الجميع,الجميع,الجميع,غاضب,ودود,محترم وودود,منخفضة,🔥 شائعة جدًا,تجنّب Calm down.,,,,عالية,E5,no
EN035,N إرجاع,حل,نبدله أو نرجّع,en,We can exchange it or refund you,نبدّل أو نرجّع المبلغ,,إكسشينج أور ريفاَند,UK/US,عام,,محترم وودود,الجميع,الجميع,الجميع,إرجاع,ودود,محترم وودود,منخفضة,🔥 شائعة جدًا,,,,,عالية,E5,no
EN036,N إرجاع,فاتورة,معك الفاتورة؟,en,Have you got the receipt? / Do you have the receipt?,معك الإيصال؟,,رِسيت,UK/US,عام,,محترم وودود,الجميع,الجميع,الجميع,إرجاع,ودود,محترم وودود,منخفضة,🔥 شائعة جدًا,UK: have you got. US: do you have.,,,,عالية,E5,no
EN037,J إضافي,مكمل,خذ معها,en,This goes really well with it,هذا يمشي معه,,غوز ريلي وِل وِث إِت,UK/US,عام,,محترم وودود,الجميع,الجميع,الجميع,بيع إضافي,ودود,محترم وودود,منخفضة,🔥 شائعة جدًا,,,,,عالية,E5,no
EN038,H سعر,سياسة سلسلة,(لا مقابل مباشر سوقي عام),en,We can price-match,نساوي سعر المنافس,,پرايس ماتش,UK/US سلاسل,عام,,محترم وودود,الجميع,الجميع,الجميع,اعتراض أرخص عند غيرنا,ودود,محترم وودود,منخفضة,⭐ شائعة,,,,,عالية,E4,yes
EN039,L طعام,سفري,سفري ولا هنا؟,en,For here or to go? / Eat in or takeaway?,أكل هنا أم سفري؟,,فور هير أور تو غو / إيت إن أور تيكأوي,US / UK,عام,,شعبي,الجميع,الجميع,الجميع,مقهى/وجبات,ودود,شعبي,منخفضة,🔥 شائعة جدًا,US الأولى، UK الثانية.,,,,عالية,E5,yes
EN040,K غير مشترٍ,وجه طيب,ولا يهمك,en,No worries at all. Thanks for stopping by,أبدًا ما في مشكلة. شكرًا على المرور,,نو وَريز · ستوپِنغ باي,UK/US,عام,,محترم وودود,الجميع,الجميع,الجميع,لم يشترِ,ودود,محترم وودود,منخفضة,🔥 شائعة جدًا,,,,,عالية,E5,no
EN041,H تفاوض,كمية,إذا أخذت اثنين,en,If you take two I can do a bit more,إذا أخذت اثنين أقدر أنزّل أكثر,,إف يو تيك تو,أسواق,عام,,شعبي,الجميع,الجميع,الجميع,خصم مشروط,ودود,شعبي,منخفضة,⭐ شائعة,,,,,عالية,E3,no
EN042,A جذب,عرض,عندنا عرض,en,It's on sale / it's in the sale,عليه تخفيض,,أون سيل / إن ذَ سيل,US / UK,عام,,محترم وودود,الجميع,الجميع,الجميع,عروض,ودود,محترم وودود,منخفضة,🔥 شائعة جدًا,US: on sale. UK كثيرًا: in the sale.,,,,عالية,E5,no
EN043,D اكتشاف,حجز,أحجزها لك,en,I can put it aside / put it on hold,أحجزها لك,,پوت إِت أسايد / أون هولد,UK/US,عام,,محترم وودود,الجميع,الجميع,الجميع,زبون متردد,ودود,محترم وودود,منخفضة,⭐ شائعة,,,,,عالية,E5,no
EN044,E عرض,مثل قيمة,غالي مرة ولا رخيص مرتين,en,"Buy cheap, buy twice",اشترِ الرخيص تشتري مرتين,,باي تشيب باي توايس,UK/US,عام,,شعبي,الجميع,الجميع,الجميع,إقناع بالجودة,ودود,شعبي,منخفضة,⭐ شائعة,مثل لا جملة يومية لكل بائع.,,You get what you pay for,,عالية,E5,no
EN045,K وداع,UK خفيف,شكرًا / مع السلامة,en,Cheers,شكرًا / سلام خفيف,,تشيرز,المملكة المتحدة,عام,,عفوي,الجميع,الجميع,الجميع,شكر أو وداع غير رسمي,ودود,عفوي,منخفضة,🔥 شائعة جدًا,ليست نخبًا هنا.,,,,عالية,E5,yes
