id,phrase,msa,country,dialect,situation,addressee,formality,familiarity,humor,frequency,notes
J001,يا أستاذ، لحظة,يا سيدي، تفضل لحظة,مشتركة,عربية مشتركة,جذب من الشارع,رجل,محترم وودود,منخفضة,لا,🔥 شائعة جدًا,أكثر نداء أمانًا للرجال في كل الدول
J002,يا أخوي، تعال شوف,يا أخي، تعال وانظر,خليج/شام,خليجية/شامية,جذب,رجل,شعبي,متوسطة,لا,🔥 شائعة جدًا,آمن جدًا؛ لا تُقال لامرأة
J003,يا معلم، شوف هنا,يا أستاذ، انظر هنا,مصر/شام,مصرية/شامية,جذب,رجل,شعبي,متوسطة,لا,🔥 شائعة جدًا,تكريم للحرفي والمحترم
J004,يا عم، بس شوف,يا عم، انظر فقط,مصر/شام,مصرية/شامية,جذب,رجل أكبر,شعبي,متوسطة,لا,🔥 شائعة جدًا,لا تقال لشاب صغير
J005,يا بيه/يا باشا، استنى لحظة,سيدي، انتظر لحظة,مصر,مصرية,جذب,رجل,محترم وودود,منخفضة,لا,🔥 شائعة جدًا,من ألقاب الاحترام المصرية
J006,يا شيخ، عندي لك شيء,يا سيدي المحترم، عندي لك شيء,خليج/يمن,خليجية/يمنية,جذب,رجل كبير,شعبي,متوسطة,لا,⭐ شائعة,في مصر تُفهم للرجل الديني فقط
J007,يا حجي، تعال بس,يا سيدي، تعال فقط,عراق,عراقية,جذب,رجل,شعبي,متوسطة,لا,🔥 شائعة جدًا,لقب احترام عراقي لكل رجل
J008,يا خويا، شوف هادشي,يا أخي، انظر إلى هذا,مغرب/جزائر/تونس,مغاربية,جذب,رجل,شعبي,عالية,لا,🔥 شائعة جدًا,أكثر نداء مألوف في المغرب العربي
J009,يا زول، تعال هنا,يا رجل، تعال هنا,سودان,سودانية,جذب,رجل,شعبي,عالية,لا,⭐ شائعة,نداء الود السوداني
J010,يا طويل العمر، شوف,يا من أطال الله عمره، انظر,شام/مصر/خليج,مشتركة,جذب,رجل,محترم وودود,متوسطة,لا,⭐ شائعة,ممتازة مع الكبار
J011,بس شوف، ما بتخسر شيء,انظر فقط، لن تخسر شيئًا,مشتركة,عربية مشتركة,جذب بلا التزام,الجميع,شعبي,منخفضة,لا,🔥 شائعة جدًا,أقوى أداة جذب: مشاهد مجانية
J012,اتفرج بس، ولا يلزمك شيء,انظر فقط، لا يجب عليك شيء,مصر/شام,مصرية/شامية,جذب,الجميع,شعبي,منخفضة,لا,🔥 شائعة جدًا,يزيل مقاومة المار
J013,تعال أوريك شيء ممكن يعجبك,تعال أريك شيئًا قد يعجبك,مشتركة,عربية مشتركة,جذب بالفضول,الجميع,شعبي,منخفضة,لا,🔥 شائعة جدًا,فضول ناقص يفتح الحوار
J014,عندي شيء على ذوقك، تعال شوف,عندي شيء يناسب ذوقك,مشتركة,عربية مشتركة,جذب بمجاملة,الجميع,شعبي,متوسطة,لا,⭐ شائعة,تمدح ذوقه قبل أن يرى
J015,دقيقة وحدة بس، لو سمحت,دقيقة واحدة فقط من فضلك,مشتركة,عربية مشتركة,جذب,الجميع,محترم وودود,منخفضة,لا,⭐ شائعة,طلب وقت قصير يصعب رفضه
J016,شوف قبل ما تروح,انظر قبل أن تغادر,شام/خليج,شامية/خليجية,جذب,الجميع,شعبي,منخفضة,لا,⭐ شائعة,تستغل لحظة المرور
J017,ادخل واتفرج، أحسن من الواقف,ادخل وانظر، أفضل من الوقوف,مصر,مصرية,دعوة دخول,الجميع,شعبي,متوسطة,نعم,✅ مفيدة,نكتة خفيفة تحول الوقوف لدخول
J018,جديد وصل اليوم!,بضاعة جديدة وصلت اليوم,مشتركة,عربية مشتركة,نداء بالمنتج,الجميع,شعبي,منخفضة,لا,🔥 شائعة جدًا,الحداثة جاذب عالمي
J019,وصلنا البضاعة الجديدة، تعال شوف,وصلتنا البضاعة الجديدة,خليج/عراق,خليجية/عراقية,نداء بالمنتج,الجميع,شعبي,منخفضة,لا,🔥 شائعة جدًا,
J020,عندنا شغلات حلوة اليوم,عندنا أشياء جميلة اليوم,خليج/عراق,خليجية/عراقية,جذب,الجميع,شعبي,متوسطة,لا,⭐ شائعة,
J021,هذا اللي الكل يدور عليه,هذا الذي يبحث عنه الجميع,مشتركة,عربية مشتركة,إثبات اجتماعي,الجميع,شعبي,منخفضة,لا,⭐ شائعة,نشتري ما يشتريه الآخرون
J022,هذا عليه طلب، ما يقعد عندنا,هذا مطلوب كثيرًا ولا يبقى عندنا,خليج,خليجية,ندرة وحركة,الجميع,شعبي,منخفضة,لا,⭐ شائعة,
J023,آخر قطعة! إذا ما أخذتها اليوم بتندم,آخر قطعة، إن لم تأخذها اليوم ستندم,مشتركة,عربية مشتركة,ندرة,الجميع,شعبي,متوسطة,لا,✅ مفيدة,تُقال بابتسامة لا بتهديد
J024,اليوم عليه حركة، الناس طالبه,اليوم مطلوب بكثرة,خليج/يمن,خليجية/يمنية,إثبات اجتماعي,الجميع,شعبي,منخفضة,لا,⭐ شائعة,
J025,بعشرة بس! كل شي بعشرة!,بعشرة فقط، كل شيء بعشرة,مصر,مصرية,نداء بالسعر,الجميع,شعبي,منخفضة,لا,🔥 شائعة جدًا,النداء الأشهر في أسواق الملابس المصرية
J026,سعرنا أحسن من السوق,سعرنا أفضل من بقية السوق,مصر,مصرية,نداء بالسعر,الجميع,شعبي,منخفضة,لا,⭐ شائعة,
J027,عندنا عرض اليوم: قطعتين بسعر وحدة,عندنا عرض اليوم: قطعتان بسعر واحدة,مشتركة,عربية مشتركة,عرض,الجميع,شعبي,منخفضة,لا,⭐ شائعة,صيغة العرض الكلاسيكية
J028,حمار وحلاوة على السكين,بطيخ حلو نضمنه ونقطعه أمامك,مصر,مصرية (تراثية),نداء البطيخ,الجميع,شعبي,متوسطة,لا,⭐ شائعة,من أشهر نداءات الباعة المصريين؛ يضمن الحلاوة
J029,طعمية كباب,طعمية بجودة الكباب,مصر,مصرية (تراثية),نداء طعمية,الجميع,شعبي,متوسطة,لا,✅ مفيدة,نداء قديم ما زال يُستأنس به
J030,الكعك يا حبايب، جديد وسخن,الكعك يا أحباب، جديد وساخن,فلسطين/مصر,شامية/مصرية,نداء كعك,الجميع,شعبي,عالية,لا,⭐ شائعة,موثق من تقرير باعة غزة
J031,شكلك تدور على شيء معين، ممكن أساعدك؟,يبدو أنك تبحث عن شيء محدد,مشتركة,عربية مشتركة,فتح حوار,الجميع,محترم وودود,منخفضة,لا,⭐ شائعة,يحول المار إلى زبون بلا إلحاح
J032,أول مرة أشوفك هنا؟,هل هذه أول زيارة لك؟,مشتركة,عربية مشتركة,تعارف,الجميع,محترم وودود,متوسطة,لا,✅ مفيدة,
J033,أنت من أهل الحي؟,هل أنت من سكان الحي؟,مشتركة,عربية مشتركة,بناء أرضية اجتماعية,الجميع,شعبي,متوسطة,لا,⭐ شائعة,
J034,بتدور على هدية؟ عندنا خيارات حلوة,هل تبحث عن هدية؟ عندنا خيارات جميلة,مشتركة,عربية مشتركة,تخمين الحاجة,الجميع,محترم وودود,منخفضة,لا,⭐ شائعة,
J035,يا هلا وسهلا,أهلًا وسهلًا,مشتركة,خليجية/شامية الأصل، مفهومة عالميًا,ترحيب,الجميع,شعبي,متوسطة,لا,🔥 شائعة جدًا,أشهر ترحيب عربي
J036,نورت/نورتونا,أنرت المكان بقدومك,خليج/شام,خليجية/شامية,ترحيب,الجميع,شعبي,متوسطة,لا,🔥 شائعة جدًا,نورت للمفرد، نورتونا للجمع والتعظيم
J037,أهلًا وسهلًا,أهلًا وسهلًا,مشتركة,عربية مشتركة,ترحيب,الجميع,محترم وودود,منخفضة,لا,🔥 شائعة جدًا,آمنة في كل المستويات
J038,حياك الله/حياكم الله,حيّاك الله,مشتركة,عربية مشتركة,ترحيب,الجميع,محترم وودود,منخفضة,لا,🔥 شائعة جدًا,بُعد ديني محبوب
J039,تفضل/تفضلي/تفضلوا,تفضل بالدخول أو الأخذ,مشتركة,عربية مشتركة,دعوة دخول,الجميع,محترم وودود,منخفضة,لا,🔥 شائعة جدًا,متعددة الوظائف
J040,أهلين وسهلين,أهلًا وسهلًا,شام/خليج/عراق,شامية/خليجية/عراقية,ترحيب,الجميع,شعبي,متوسطة,لا,🔥 شائعة جدًا,
J041,يا هلا بالغالي/بالغالية,أهلًا بالعزيز/العزيزة,خليج,خليجية,ترحيب,رجل/امرأة,شعبي,متوسطة,لا,🔥 شائعة جدًا,مخاطبة مباشرة بالقيمة
J042,منورين,أنتم تنوّرون المكان,خليج/شام,خليجية/شامية,ترحيب جمع,جمع,شعبي,متوسطة,لا,⭐ شائعة,
J043,يا مرحبا,يا للترحيب,خليج/شام,خليجية/شامية,ترحيب,الجميع,شعبي,متوسطة,لا,⭐ شائعة,
J044,الله يحييك,الله يحييك,مشتركة,عربية مشتركة,ترحيب/رد ترحيب,الجميع,محترم وودود,متوسطة,لا,⭐ شائعة,
J045,يا هلا فيك/فيكي,أهلًا بك,شام,شامية,ترحيب,رجل/امرأة,شعبي,متوسطة,لا,🔥 شائعة جدًا,الأكثر شيوعًا في الشام
J046,هلا والله، هلا بيك,أهلًا والله بك,عراق/خليج,عراقية/خليجية,ترحيب,الجميع,شعبي,متوسطة,لا,🔥 شائعة جدًا,
J047,شلونك؟ شكو ماكو؟,كيف حالك؟ ما الأخبار؟,عراق,عراقية,ترحيب وفتح حديث,الجميع,شعبي,عالية,لا,🔥 شائعة جدًا,شعار الترحيب العراقي الأشهر
J048,مرحبا، مرحبتين,مرحبًا، مرحبتين,مغرب,مغربية,ترحيب,الجميع,شعبي,متوسطة,لا,🔥 شائعة جدًا,تعظيم الترحيب
J049,تفضل يا باشا/يا فندم,تفضل يا سيدي,مصر,مصرية,ترحيب,رجل,محترم وودود,منخفضة,لا,🔥 شائعة جدًا,
J050,هلا بالنشاما,أهلًا بالكرام الشجعان,سعودية (نجد),نجدية,ترحيب,رجال,شعبي,عالية,لا,⭐ شائعة,من أجمل ألقاب السوق السعودي
J051,نورت الدكان/المحل,أنرت المحل,خليج/عراق,خليجية/عراقية,ترحيب,الجميع,شعبي,متوسطة,لا,⭐ شائعة,
J052,البيت بيتك,البيت بيتك (كرم الضيافة),خليج/شام/عراق,خليجية/شامية/عراقية,ترحيب أقصى,الجميع,شعبي,عالية,لا,🔥 شائعة جدًا,أقصى درجات الكرم اللفظي
J053,خذ راحتك,خذ راحتك ولا تستعجل,مشتركة,عربية مشتركة,ترحيب مريح,الجميع,شعبي,متوسطة,لا,🔥 شائعة جدًا,
J054,شو بدك اليوم؟,ماذا تريد اليوم؟,شام,شامية,فتح حديث,رجل/امرأة,شعبي,متوسطة,لا,🔥 شائعة جدًا,
J055,شنو تريد؟,ماذا تريد؟,عراق,عراقية,فتح حديث,الجميع,شعبي,متوسطة,لا,🔥 شائعة جدًا,
J056,وش تبي؟,ماذا تريد؟,خليج,خليجية,فتح حديث,رجل/امرأة,شعبي,متوسطة,لا,🔥 شائعة جدًا,
J057,إزيك؟ عامل إيه؟,كيف حالك؟,مصر,مصرية,فتح حديث,الجميع,شعبي,عالية,لا,🔥 شائعة جدًا,
J058,يا هلا بالضيف,أهلًا بالضيف,يمن,يمنية,ترحيب,رجل,شعبي,عالية,لا,⭐ شائعة,لغة الضيافة اليمنية
J059,تساهيل,الأمور ميسّرة/أهلًا,عمان,عمانية,ترحيب ووداع,الجميع,شعبي,متوسطة,لا,⭐ شائعة,تُقال ترحيبًا ووداعًا في عمان
J060,برشا أهلًا بيك,ترحيبًا كثيرًا بك,تونس,تونسية,ترحيب,الجميع,شعبي,متوسطة,لا,⭐ شائعة,
J061,لبيه,أنا في خدمتك,موريتانيا,حسانية,تلبية/ترحيب,الجميع,محترم وودود,متوسطة,لا,⭐ شائعة,من لبّيك
J062,يا هلا بالعيلة كلها، اتفضلوا,أهلًا بالعائلة كلها تفضلوا,مشتركة,عربية مشتركة,ترحيب عائلة,عائلة,شعبي,متوسطة,لا,⭐ شائعة,
J063,يا هلا بشيخنا، اتفضل اجلس,أهلًا بك يا كبيرنا، تفضل اجلس,مشتركة,عربية مشتركة,ترحيب كبير سن,رجل كبير,محترم وودود,متوسطة,لا,⭐ شائعة,يُقدم كرسي في المحلات التقليدية
J064,اتفضل ادخل، بس شوف,تفضل ادخل وانظر فقط,مشتركة,عربية مشتركة,دعوة دخول,الجميع,شعبي,منخفضة,لا,🔥 شائعة جدًا,
J065,أنا في خدمتك,أنا في خدمتك,مشتركة,عربية مشتركة,عرض مساعدة,الجميع,محترم وودود,منخفضة,لا,⭐ شائعة,
J066,أمرك/تحت أمرك,أنا تحت أمرك,مصر/شام,مصرية/شامية,تلبية,الجميع,محترم وودود,منخفضة,لا,⭐ شائعة,
J067,عندك شيء معين ببالك؟,هل عندك شيء محدد في بالك؟,مشتركة,عربية مشتركة,اكتشاف الحاجة,الجميع,محترم وودود,منخفضة,لا,⭐ شائعة,أفضل سؤال: لا يفترض ولا يلزم
J068,بتدور على شيء معين ولا بتتفرج؟,هل تبحث عن شيء محدد أم تتفرج؟,مشتركة,عربية مشتركة,اكتشاف الحاجة,الجميع,محترم وودود,منخفضة,لا,🔥 شائعة جدًا,يعطي حرية الاختيار فيكسب الثقة
J069,تحب أساعدك ولا تفضل تشوف براحتك؟,هل تريد مساعدة أم تفضل المشاهدة؟,مشتركة,عربية مشتركة,عرض مساعدة محترم,الجميع,محترم وودود,منخفضة,لا,⭐ شائعة,احترام الخصوصية
J070,لمين؟ لنفسك ولا هدية؟,لمن؟ لنفسك أم هدية؟,مشتركة,عربية مشتركة,تحديد الحاجة,الجميع,شعبي,متوسطة,لا,🔥 شائعة جدًا,يحدد الفئة السعرية والنوع
M001,يا أستاذ,يا سيدي المحترم,مشتركة,عربية مشتركة,مخاطبة رجل,رجل,محترم وودود,منخفضة,لا,🔥 شائعة جدًا,أنجح لقب عربي مشترك
M002,يا أخوي/يا أخي,يا أخي,خليج/مشتركة,خليجية/مشتركة,مخاطبة رجل,رجل,شعبي,متوسطة,لا,🔥 شائعة جدًا,
M003,يا غالي,يا عزيزي,مشتركة,عربية مشتركة,مخاطبة رجل,رجل,شعبي,متوسطة,لا,🔥 شائعة جدًا,من أكثر الألقاب أمانًا
M004,يا معلم,يا أستاذ/أيها المقتدى,مصر/شام,مصرية/شامية,مخاطبة رجل,رجل,شعبي,متوسطة,لا,🔥 شائعة جدًا,في الشام لصاحب الحرفة؛ خليجيًا لصاحب المحل
M005,يا باشا,يا سيدي,مصر,مصرية,مخاطبة رجل,رجل,محترم وودود,منخفضة,لا,🔥 شائعة جدًا,لقب فخم مجامل
M006,يا حجي,يا سيدي المحترم,عراق,عراقية,مخاطبة رجل,رجل,شعبي,متوسطة,لا,🔥 شائعة جدًا,لكل رجل عراقي تقريبًا
M007,يا خويا,يا أخي,مغرب/جزائر/تونس,مغاربية,مخاطبة رجل,رجل,شعبي,عالية,لا,🔥 شائعة جدًا,الأكثر تداولًا في المغرب العربي
M008,يا شيخ,يا كبير/محترم,خليج/يمن,خليجية/يمنية,مخاطبة رجل كبير,رجل كبير,محترم وودود,متوسطة,لا,⭐ شائعة,في مصر للرجل الديني فقط تقريبًا
M009,يا طويل العمر,يا من أطال الله عمرك,شام/مصر/خليج,مشتركة,مخاطبة رجل,رجل,محترم وودود,متوسطة,لا,⭐ شائعة,ممتازة مع الكبار
M010,يا حبيب,يا عزيزي,مصر/شام/خليج,مشتركة,مخاطبة رجل,رجل,شعبي,عالية,لا,⭐ شائعة,بين الرجال فقط في السوق
M011,يا بطل,يا بطل,مشتركة,عربية مشتركة,تشجيع,شاب/طفل,شعبي,متوسطة,لا,⭐ شائعة,
M012,يا نشمي,يا الكريم الشجاع,سعودية (نجد),نجدية,مخاطبة رجل,رجل,شعبي,عالية,لا,⭐ شائعة,إطراء رجولة خليجي
M013,يا زول,يا رجل,سودان,سودانية,مخاطبة رجل,رجل,شعبي,عالية,لا,⭐ شائعة,
M014,يا حاج,يا حاج بيت الله,مصر/عراق,مصرية/عراقية,مخاطبة كبير سن,رجل كبير,محترم وودود,متوسطة,لا,⭐ شائعة,إكرام لا وصفًا دينيًا حتمًا
M015,يا عم,يا عم,مصر/شام,مصرية/شامية,مخاطبة رجل أكبر,رجل أكبر,شعبي,متوسطة,لا,⭐ شائعة,لا تقال لشاب
M016,يا عمي,يا سيدي (احترام),عراق/شام,عراقية/شامية,مخاطبة رجل أكبر,رجل أكبر,شعبي,متوسطة,لا,🔥 شائعة جدًا (عراق),
M017,يا زلمة,يا رجل,شام/عراق,شامية/عراقية,بين الأقران,رجل,عفوي,عالية,لا,⭐ شائعة,لا تُقال لكبير في أول لقاء
M018,يا صاحبي,يا صديقي,مصر/مغرب,مصرية/مغربية,مخاطبة رجل,رجل,شعبي,عالية,لا,⭐ شائعة,
M019,يا دكتور/يا مهندس,يا دكتور/مهندس,مشتركة,عربية مشتركة,رفع مقام,رجل,محترم وودود,منخفضة,لا,✅ مفيدة,مجاملة مهنية شائعة
M020,يا باشمهندس,يا أيها المهندس الكبير,مصر,مصرية,مجاملة مهنية,رجل,محترم وودود,منخفضة,لا,⭐ شائعة,
M021,يا فندم,يا سيدي,مصر,مصرية,مخاطبة رجل,رجل,محترم وودود,منخفضة,لا,🔥 شائعة جدًا,تهذيب أفندم العثمانية
M022,يا سي فلان,يا سيد فلان,مغرب/تونس,مغاربية,احترام,رجل,محترم وودود,منخفضة,لا,⭐ شائعة,
M023,يا أبو فلان,يا أبا فلان (كنية),مشتركة,عربية مشتركة,للمعروف/الدائم,رجل,شعبي,عالية,لا,⭐ شائعة,للدائمين والمعارف فقط
M024,يا أستاذة,يا سيدتي المحترمة,مشتركة,عربية مشتركة,مخاطبة امرأة,امرأة,محترم وودود,منخفضة,لا,🔥 شائعة جدًا,الأكثر أمانًا لكل الأعمار
M025,يا أختي/يا خيتي,يا أختي,مشتركة/خليج,مشتركة/خليجية,مخاطبة امرأة,امرأة,شعبي,متوسطة,لا,🔥 شائعة جدًا,آمنة جدًا
M026,يا غالية,يا عزيزتي,مشتركة,عربية مشتركة,مخاطبة امرأة,امرأة,شعبي,متوسطة,لا,🔥 شائعة جدًا,من أفضل ألقاب السوق للنساء
M027,يا مدام,يا سيدتي,مصر/خليج,مصرية/خليجية,مخاطبة امرأة,امرأة,محترم وودود,منخفضة,لا,🔥 شائعة جدًا,للمحترمات والمتزوجات
M028,يا دكتورة,يا دكتورة,مشتركة,عربية مشتركة,رفع مقام,امرأة,محترم وودود,منخفضة,لا,⭐ شائعة,مجاملة شائعة
M029,يا حاجة,يا حاجة بيت الله,مصر,مصرية,مخاطبة امرأة كبيرة,امرأة كبيرة,محترم وودود,متوسطة,لا,⭐ شائعة,مصرية خالصة؛ قد تُفهم خطأ خارج مصر
M030,يا ست/يا ستي,يا سيدتي,مصر,مصرية,مخاطبة امرأة كبيرة,امرأة كبيرة,محترم وودود,متوسطة,لا,⭐ شائعة,
M031,يا هانم,يا سيدتي (عثمانية),مصر,مصرية,مخاطبة امرأة,امرأة,محترم وودود,منخفضة,لا,✅ مفيدة,في المحلات الراقية
M032,يا آنسة,يا آنسة,مشتركة,عربية مشتركة,رسمي للشابات,شابة,رسمي جدًا,منخفضة,لا,✅ مفيدة,قد تُعد قديمة مع الشابات
M033,يا خالة,يا خالة,شام/مصر,شامية/مصرية,مخاطبة امرأة أكبر,امرأة أكبر,شعبي,متوسطة,لا,⭐ شائعة,حنون وآمنة
M034,يا لالا,يا سيدتي,مغرب,مغربية,مخاطبة امرأة,امرأة,محترم وودود,متوسطة,لا,⭐ شائعة,
M035,يا بنتي/يا بنيتي,يا ابنتي,مغرب/مصر,مغاربية/مصرية,من كبير سنًا لشابة,شابة,شعبي,عالية,لا,⭐ شائعة,من شاب لشابة قد يُفهم تقليلًا
M036,يا محترمة,يا سيدة محترمة,خليج/مصر,خليجية/مصرية,مخاطبة امرأة,امرأة,محترم وودود,منخفضة,لا,⭐ شائعة,
M037,يا بنت الناس,يا ابنة الكرام,مصر/خليج,مصرية/خليجية,مدح الأصل,امرأة,شعبي,متوسطة,لا,⭐ شائعة,إطراء عائلي محترم
M038,يا أم فلان,يا أم فلان (كنية),مشتركة,عربية مشتركة,للدائمة المعروفة,امرأة,شعبي,عالية,لا,⭐ شائعة,فقط إذا عُرفت الكنية
M039,يا حبيبتي (من رجل لامرأة غريبة),يا حبيبتي,خطر في معظم الدول,مختلفة,مخاطبة امرأة غريبة,امرأة,⚠️ غير لائقة,⚠️,لا,⚠️ حساسة,قد تُعد مضايقة؛ بين النساء فقط أو مع دائمة معروفة جدًا
M040,يا حلوة/يا قمر (لغريبة),يا جميلة,⚠️,مختلفة,مجاملة مظهر,امرأة,⚠️,⚠️,لا,⚠️ حساسة,تعليق على المظهر؛ غير مناسب مع الغريبات
E001,شوف هذا، وصل اليوم,انظر إلى هذا، وصل اليوم,مشتركة,عربية مشتركة,عرض منتج,الجميع,شعبي,منخفضة,لا,🔥 شائعة جدًا,
E002,تعال أوريك شي يستاهل,تعال أريك شيئًا يستحق,مشتركة,عربية مشتركة,عرض منتج,الجميع,شعبي,منخفضة,لا,🔥 شائعة جدًا,
E003,عندي لك شيء حلو اليوم، شوف,عندي لك شيئًا جميلًا اليوم,مشتركة,عربية مشتركة,عرض منتج,الجميع,شعبي,متوسطة,لا,🔥 شائعة جدًا,لك=هدية شخصية
E004,هذا اللي يدور عليه أغلب الناس,هذا الذي يبحث عنه أغلب الناس,مشتركة,عربية مشتركة,إثبات اجتماعي,الجميع,شعبي,منخفضة,لا,🔥 شائعة جدًا,
E005,شوف اللي عندنا قبل ما تشتري من غيرنا,انظر ما عندنا قبل الشراء من غيرنا,شام/خليج,شامية/خليجية,عرض,الجميع,شعبي,متوسطة,لا,⭐ شائعة,تحدٍّ لطيف
E006,عندنا تشكيلة جديدة كاملة، تعال خذ جولة,عندنا تشكيلة جديدة كاملة,مشتركة,عربية مشتركة,عرض,الجميع,محترم وودود,منخفضة,لا,⭐ شائعة,
E007,آخر موديل، جديد من المصنع,أحدث موديل من المصنع,مشتركة,عربية مشتركة,عرض,الجميع,شعبي,منخفضة,لا,⭐ شائعة,
E008,أوريك الأغلى والأرخص، وأنت تختار,أريك الأغلى والأرخص فتختار,مشتركة,عربية مشتركة,عرض خيارات,الجميع,شعبي,منخفضة,لا,⭐ شائعة,شفافية تبني ثقة
E009,شغل نظيف، خامة ممتازة,عمل متقن وخامة ممتازة,مشتركة,عربية مشتركة,مدح منتج,الجميع,شعبي,منخفضة,لا,🔥 شائعة جدًا,نظيف=متقن في السوق
E010,هذا أصلًا، مو تقليد,هذا أصلي وليس مقلدًا,مشتركة,عربية مشتركة,مدح منتج,الجميع,شعبي,منخفضة,لا,🔥 شائعة جدًا,كلمة أصلًا تفتح وتغلق صفقات
E011,شغل يدوي، كل قطعة وحدة ما في زيّها,صناعة يدوية لا مثيل لها,مشتركة,عربية مشتركة,ندرة,الجميع,شعبي,منخفضة,لا,⭐ شائعة,
E012,مضمون، وإذا في عيب نبدله على طول,مضمون، نبدله فورًا عند أي عيب,مشتركة,عربية مشتركة,ضمان,الجميع,شعبي,منخفضة,لا,⭐ شائعة,يقلب المخاطرة
E013,خذها بإيدك، حس على الخامة,خذها بيدك وتحسس الخامة,مشتركة,عربية مشتركة,تجربة حسية,الجميع,شعبي,منخفضة,لا,🔥 شائعة جدًا,اللمس يطلق تأثير الملكية
E014,هذا يتحمل، يخدمك سنين,هذا متين ويخدمك سنوات,مشتركة,عربية مشتركة,ميزة متانة,الجميع,شعبي,منخفضة,لا,⭐ شائعة,
E015,هذا نفس اللي في المولات، بس عندنا أوفر,نفس بضاعة المولات بسعر أقل,مشتركة,عربية مشتركة,مقارنة,الجميع,شعبي,منخفضة,لا,✅ مفيدة,
E016,عندك ثلاثة أنواع: ممتاز، جيد، واقتصادي — وش يناسبك؟,عندك ثلاثة أنواع... أيهما يناسبك؟,مشتركة,عربية مشتركة,عرض خيارات,الجميع,محترم وودود,منخفضة,لا,🔥 شائعة جدًا,تصنيف صريح يريح الزبون
E017,هذا ولا هذا؟ خذ وقتك,هذا أم هذا؟ خذ وقتك,مشتركة,عربية مشتركة,اختيار ثنائي,الجميع,شعبي,منخفضة,لا,⭐ شائعة,
E018,الفرق بينهم كذا، والزيادة تستاهل,الفرق بينهما كذا والزيادة تستحق,مشتركة,عربية مشتركة,مقارنة لبيع الأعلى,الجميع,شعبي,منخفضة,لا,⭐ شائعة,
E019,جرب هذا، وإذا ما عجبك في هذا غيره,جرّب هذا وإن لم يعجبك فثمة غيره,مشتركة,عربية مشتركة,تجربة,الجميع,شعبي,منخفضة,لا,⭐ شائعة,
E020,عندي نفس الشكل بلون ثاني/بمقاس ثاني,عندي نفس الشكل بلون أو مقاس آخر,مشتركة,عربية مشتركة,بدائل,الجميع,شعبي,منخفضة,لا,🔥 شائعة جدًا,لا تترك الزبون بلا بديل
E021,هذا عليه طلب، ما يقعد عندنا يومين,مطلوب كثيرًا لا يبقى عندنا,خليج,خليجية,حركة,الجميع,شعبي,منخفضة,لا,🔥 شائعة جدًا,
E022,الناس يرجعون يشترون منه مرة ثانية,الناس يعودون لشرائه ثانية,مشتركة,عربية مشتركة,إثبات اجتماعي,الجميع,شعبي,منخفضة,لا,⭐ شائعة,تكرار الشراء أقوى شهادة
E023,الكمية اللي وصلت اليوم نصها طاح في الصبح,نصف الكمية الواصلة بِيعت صباحًا,خليج/شام,خليجية/شامية,حركة,الجميع,شعبي,متوسطة,لا,⭐ شائعة,
P001,حسبك: إذا قسمتها على سنوات الاستخدام، تطلع بلا شيء,احسبها على سنوات الاستخدام فتكون بلا قيمة,مشتركة,عربية مشتركة,تقسيم التكلفة,الجميع,شعبي,منخفضة,لا,⭐ شائعة,
P002,الفرق بين هذا وذاك عشرة ريالات بس، والفرق في الجودة كبير,الفرق بسيط والجودة مختلفة,مشتركة,عربية مشتركة,تأطير مقارنة,الجميع,شعبي,منخفضة,لا,⭐ شائعة,
P003,اشتري الغالي مرة، ولا الرخيص مرتين؟,اشتر الغالي مرة أم الرخيص مرتين؟,مشتركة,عربية مشتركة,تأطير,الجميع,شعبي,متوسطة,لا,🔥 شائعة جدًا,مثل تجاري ذكي
P004,الرخيص اللي ينكسر بعد شهر = خسارة، وهذا يخدمك سنين = توفير,الرخيص ينكسر سريعًا...,مشتركة,عربية مشتركة,قيمة,الجميع,شعبي,منخفضة,لا,⭐ شائعة,
P005,تخيلها عليك/في بيتك، بتفرق كل شي,تخيلها عليك أو في بيتك,مشتركة,عربية مشتركة,تخيل الاستخدام,الجميع,شعبي,منخفضة,لا,⭐ شائعة,
P006,إذا لبستها، الكل بيسألك منين جبتها,إذا لبستها سيسألك الجميع عن مصدرها,مشتركة,عربية مشتركة,تخيل (ملابس),الجميع,شعبي,منخفضة,لا,⭐ شائعة,
P007,شوفها في المراية، شوف الفرق على نفسك,انظر إليها في المرآة,مشتركة,عربية مشتركة,تجربة بصرية,الجميع,شعبي,منخفضة,لا,🔥 شائعة جدًا,
P008,هذا أكثر شي نبيعة هذا الأسبوع,هذا الأكثر مبيعًا هذا الأسبوع,مشتركة,عربية مشتركة,إثبات اجتماعي,الجميع,شعبي,منخفضة,لا,🔥 شائعة جدًا,
P009,نحن منوّرين المنطقة من سنين، والناس تثق فينا,نحن في المنطقة منذ سنوات,مشتركة,عربية مشتركة,سمعة المحل,الجميع,شعبي,منخفضة,لا,✅ مفيدة,
P010,آخر قطعة عندنا من هذا اللون,لم يبقَ إلا آخر قطعة من هذا اللون,مشتركة,عربية مشتركة,ندرة,الجميع,شعبي,منخفضة,لا,⭐ شائعة,
P011,العرض ينتهي آخر الأسبوع,العرض ينتهي نهاية الأسبوع,مشتركة,عربية مشتركة,ندرة زمنية,الجميع,شعبي,منخفضة,لا,⭐ شائعة,
P012,جرّبه، وإذا ما عجبك ارجعه,جرّبه وإن لم يعجبك أرجعه,مشتركة,عربية مشتركة,إزالة المخاطرة,الجميع,شعبي,منخفضة,لا,🔥 شائعة جدًا,أقوى مغلق صفقات
P013,نعطيك فاتورة، كل شي موثق,نعطيك فاتورة موثقة,مشتركة,عربية مشتركة,توثيق,الجميع,محترم وودود,منخفضة,لا,⭐ شائعة,
P014,بين هذين بس، والباقي مش مستاهل تتعبه حالك فيه,اختر بين هذين فقط,مشتركة,عربية مشتركة,تخفيف الخيارات,الجميع,شعبي,متوسطة,لا,⭐ شائعة,
P015,لو كان أخوي، بقوله خذ هذا,لو كان أخي لنصحته بهذا,مشتركة,عربية مشتركة,نصيحة أخوية,رجل,شعبي,عالية,لا,⭐ شائعة,من أقوى أسلحة الإقناع
P016,أنا ما أبيعك، أنا أنصحك — هذا اللي أنا آخذه لنفسي,أنا لا أبيعك بل أنصحك,مشتركة,عربية مشتركة,نصيحة,الجميع,شعبي,عالية,لا,✅ مفيدة,
P017,خذ رأيي: هذا أفضلهم سعرًا وجودة,خذ رأيي: هذا الأفضل سعرًا وجودة,مشتركة,عربية مشتركة,رأي حاسم,الجميع,شعبي,متوسطة,لا,⭐ شائعة,
P018,جرب الأول، بعدين قرر,جرّب أولًا ثم قرر,مشتركة,عربية مشتركة,تجربة,الجميع,شعبي,منخفضة,لا,🔥 شائعة جدًا,
P019,التجربة أحسن من مية كلمة,التجربة أفضل من مئة كلمة,مشتركة,عربية مشتركة,تجربة,الجميع,شعبي,منخفضة,لا,⭐ شائعة,
P020,ذوقه وشوف بنفسك، أنا واثق في بضاعتي,تذوقه وانظر بنفسك,مشتركة,عربية مشتركة,تذوق,الجميع,شعبي,منخفضة,لا,⭐ شائعة,للعطور والطعام
P021,أنا واثق إنك بترجع تشكرني,أنا واثق أنك ستعود لتشكرني,مشتركة,عربية مشتركة,ثقة,الجميع,شعبي,عالية,لا,✅ مفيدة,
P022,اسأل عنا، اسأل أي زبون قديم,اسأل عنا أي زبون قديم,مشتركة,عربية مشتركة,سمعة,الجميع,شعبي,منخفضة,لا,⭐ شائعة,
N001,أعطيك سعر طيب، لا تشيل هم,أعطيك سعرًا طيبًا فلا تقلق,مشتركة,عربية مشتركة,بداية تفاوض,الجميع,شعبي,متوسطة,لا,🔥 شائعة جدًا,
N002,قول لي كم يدك (ميزانيتك)، ونشوف,قل لي ميزانيتك ونرى,مشتركة,عربية مشتركة,بداية تفاوض,الجميع,شعبي,متوسطة,لا,⭐ شائعة,
N003,سومة، وشوفنا,اعرض عليك سعرًا ونرى,تونس/خليج,تونسية/خليجية,بداية تفاوض,الجميع,شعبي,متوسطة,لا,⭐ شائعة,
N004,إذا خذيت أكثر من وحدة، السعر يختلف,السعر يختلف مع الكمية,مشتركة,عربية مشتركة,فتح باب الكمية,الجميع,شعبي,منخفضة,لا,🔥 شائعة جدًا,
N005,عشانك، وبس عشانك، أنزلها لك,من أجلك وحدك أخفضها,مشتركة,عربية مشتركة,قبول تفاوض,الجميع,شعبي,عالية,لا,🔥 شائعة جدًا,الخصم هدية شخصية
N006,أنت زبوننا، والزبون عندنا غالي,أنت زبوننا والزبون عزيز عندنا,مشتركة,عربية مشتركة,قبول تفاوض,الجميع,شعبي,عالية,لا,⭐ شائعة,
N007,بس ما تخبر أحد، هذا سعر خاص لك,لا تخبر أحدًا فهذا سعر خاص,مشتركة,عربية مشتركة,قبول تفاوض,الجميع,شعبي,عالية,لا,🔥 شائعة جدًا,سرية الخصم ترفع قيمته
N008,لك خصم، بس خذ مني قطعتين,لك خصم بشرط أخذ قطعتين,مشتركة,عربية مشتركة,خصم مشروط,الجميع,شعبي,منخفضة,لا,⭐ شائعة,
N009,إذا دفعت كاش (نقدًا)، ننزلك زيادة,خصم إضافي للدفع النقدي,مشتركة,عربية مشتركة,خصم وسيلة دفع,الجميع,شعبي,منخفضة,لا,⭐ شائعة,
N010,هذا السعر أنا دافع فيه أكثر، والله ما أقدر,أنا اشتريته بأكثر من هذا,مشتركة,عربية مشتركة,رفض سعر,الجميع,شعبي,عالية,لا,🔥 شائعة جدًا,
N011,لو كان بيدي، كنت أعطيك إياه مجانًا — بس التكلفة غالبة,لو استطعت لأعطيتكه مجانًا,مشتركة,عربية مشتركة,رفض بمجاملة,الجميع,شعبي,عالية,لا,⭐ شائعة,
N012,هذا آخر شي أقدر أنزله، وصدقني ما في ربح,هذا أقصى تخفيض أقدر عليه,مشتركة,عربية مشتركة,رفض نهائي,الجميع,شعبي,عالية,لا,🔥 شائعة جدًا,
N013,الرقم هذا أنا أشتري فيه من الجملة!,هذا سعر شرائي من الجملة,مشتركة,عربية مشتركة,رفض فكاهي,الجميع,شعبي,عالية,نعم,⭐ شائعة,مبالغة فكاهية
N014,ما نقدر، بس نقدر نضيف لك هدية بدل الخصم,لا نستطيع الخصم لكن نضيف هدية,مشتركة,عربية مشتركة,تحويل الرفض,الجميع,شعبي,منخفضة,لا,🔥 شائعة جدًا,
N015,السعر ثابت، بس أضيف لك الشحن/التركيب/التغليف هدية,السعر ثابت والخدمات هدية,مشتركة,عربية مشتركة,رفض ذكي بالخدمات,الجميع,شعبي,منخفضة,لا,⭐ شائعة,
N016,خذ قطعتين بسعر كذا، أحسن لك من قطعة بسعر كذا,خذ قطعتين بسعر كذا فهو أفضل لك,مشتركة,عربية مشتركة,عرض مقابل,الجميع,شعبي,منخفضة,لا,🔥 شائعة جدًا,
N017,أنا أنزل لك 10%، وأنت تدفع نقدًا اليوم,أنزّل 10% مقابل الدفع النقدي اليوم,مشتركة,عربية مشتركة,عرض مقابل,الجميع,شعبي,منخفضة,لا,⭐ شائعة,
N018,آخر سعر، والله ما في بعده,هذا آخر سعر لا تفاوض بعده,مشتركة,عربية مشتركة,السعر النهائي,الجميع,شعبي,عالية,لا,🔥 شائعة جدًا,
N019,آخر كلام: كذا. إما تاخذها، وإلا أنا خسران,آخر كلام: كذا,مصر/شام,مصرية/شامية,السعر النهائي,الجميع,شعبي,عالية,لا,⭐ شائعة,
N020,هذي آخر سومة، وبعدها ما في كلام,هذا آخر عرض لا كلام بعده,تونس/خليج,تونسية/خليجية,السعر النهائي,الجميع,شعبي,عالية,لا,⭐ شائعة,
N021,خلنا نتوصل: النص بيني وبينك,لنتفق على السعر الوسط,مشتركة,عربية مشتركة,صيغة الوسط,الجميع,شعبي,متوسطة,لا,⭐ شائعة,
N022,بس عشان خاطر عيونك، خذها بكذا,فقط من أجلك خذها بكذا,مشتركة,عربية مشتركة,ختام شخصي,الجميع,شعبي,عالية,لا,⭐ شائعة,
N023,تمام، اتفقنا؟ خلاص، ما نرجع في الكلام,اتفقنا؟ لن نتراجع,مشتركة,عربية مشتركة,تثبيت الصفقة,الجميع,شعبي,عالية,لا,🔥 شائعة جدًا,
N024,ما قدرنا نتفق اليوم، بس بابنا مفتوح لك دايمًا,لم نتفق اليوم لكن بابنا مفتوح,مشتركة,عربية مشتركة,إنهاء بلا صفقة,الجميع,محترم وودود,متوسطة,لا,🔥 شائعة جدًا,
N025,عندك حق، كل واحد له سعره. اتفضل، نورتنا,لك حق، لكل واحد سعره. تفضل,مشتركة,عربية مشتركة,إنهاء بلا صفقة,الجميع,محترم وودود,متوسطة,لا,⭐ شائعة,
N026,اللي ما يشتري اليوم، يشتري بكرة — أنت دايماً ضيفنا,من لا يشتري اليوم يشتري غدًا,مشتركة,عربية مشتركة,إنهاء بلا صفقة,الجميع,شعبي,متوسطة,لا,✅ مفيدة,
K001,عندنا عرض هذا الأسبوع,عندنا عرض هذا الأسبوع,مشتركة,عربية مشتركة,إعلان عرض,الجميع,شعبي,منخفضة,لا,🔥 شائعة جدًا,
K002,التنزيلات بدأت: من 30% لغاية 50%,التخفيضات بدأت من 30 إلى 50%,شام/مصر,شامية/مصرية,إعلان عرض,الجميع,شعبي,منخفضة,لا,⭐ شائعة,
K003,الخصم اليوم بس، بكرة يرجع السعر,الخصم اليوم فقط,مشتركة,عربية مشتركة,تحديد زمن,الجميع,شعبي,منخفضة,لا,⭐ شائعة,
K004,اشترِ واحدة والثانية بنص السعر,اشترِ واحدة والثانية بنصف السعر,مشتركة,عربية مشتركة,عرض,الجميع,شعبي,منخفضة,لا,🔥 شائعة جدًا,
K005,قطعتين بسعر وحدة,قطعتان بسعر واحدة,مشتركة,عربية مشتركة,عرض,الجميع,شعبي,منخفضة,لا,🔥 شائعة جدًا,
K006,آخر قطعة من التشكيلة القديمة — مخفضة,آخر قطعة من التشكيلة القديمة مخفضة,مشتركة,عربية مشتركة,تصفية موسم,الجميع,شعبي,منخفضة,لا,⭐ شائعة,
K007,سعر الجملة اليوم لكل الزباين,سعر الجملة اليوم لكل العملاء,مصر,مصرية,عرض,الجميع,شعبي,منخفضة,لا,⭐ شائعة,
K008,عشانك أنا نضبطها لك,من أجلك أنا أهيئها لك,خليج/شام,خليجية/شامية,خصم شخصي,الجميع,شعبي,عالية,لا,🔥 شائعة جدًا,
K009,لك خصم خاص، ما يعطى لأي أحد,لك خصم خاص لا يعطى لأحد,مشتركة,عربية مشتركة,خصم شخصي,الجميع,شعبي,عالية,لا,🔥 شائعة جدًا,
K010,من عيوني، أنزلها لك,بكل سرور أخفضها لك,خليج/شام,خليجية/شامية,خصم شخصي,الجميع,شعبي,عالية,لا,🔥 شائعة جدًا,
K011,بس عشانك، وإلا السعر ثابت,فقط من أجلك وإلا فالسعر ثابت,مشتركة,عربية مشتركة,خصم شخصي,الجميع,شعبي,عالية,لا,⭐ شائعة,
K012,هذي زيادة (هدية) مني لك,هذه زيادة مني إليك,مشتركة,عربية مشتركة,هدية,الجميع,شعبي,عالية,لا,🔥 شائعة جدًا,الزيادة في الميزان أو الكمية
K013,أنا ما أنزل السعر لأي زبون — بس أنت مش أي زبون,لا أنزل السعر لأي زبون إلا أنت,مشتركة,عربية مشتركة,مجاملة مضاعفة,الجميع,شعبي,عالية,لا,✅ مفيدة,
K014,سعر الكاش غير سعر التقسيط,سعر النقد يختلف عن التقسيط,مشتركة,عربية مشتركة,أسعار الدفع,الجميع,شعبي,منخفضة,لا,⭐ شائعة,
K015,هذا سعر المفرق. لو تاخذ كرتون كامل، السعر يختلف,هذا سعر التجزئة؛ الجملة سعر آخر,مشتركة,عربية مشتركة,جملة ومفرق,الجميع,شعبي,منخفضة,لا,⭐ شائعة,
K016,بالجملة: الحبة بكذا. بالمفرق: بكذا,بالجملة سعر وبالتجزئة سعر,مشتركة,عربية مشتركة,جملة ومفرق,الجميع,شعبي,منخفضة,لا,⭐ شائعة,
K017,كل ما زادت الكمية، زاد الخصم,الخصم يزيد مع الكمية,مشتركة,عربية مشتركة,جملة,الجميع,شعبي,منخفضة,لا,🔥 شائعة جدًا,
K018,لو تاخذ 10، أعطيك وحدة بلاش,خذ 10 وأعطيك وحدة مجانًا,مشتركة,عربية مشتركة,جملة,الجميع,شعبي,منخفضة,لا,⭐ شائعة,
K019,نبيع للتجار بسعر التوزيع,نبيع للتجار بسعر التوزيع,مشتركة,عربية مشتركة,جملة,تاجر,محترم وودود,منخفضة,لا,✅ مفيدة,
K020,كم تريد؟ عشان نحسب لك حسبة الجملة,كم تريد لنحسب لك سعر الجملة,مشتركة,عربية مشتركة,جملة,الجميع,شعبي,منخفضة,لا,⭐ شائعة,
O001,غالي على إيش؟ على الجودة؟ هذا شغل يخدمك سنين,غالٍ بماذا؟ بالجودة؟ هذا يخدمك سنوات,مشتركة,عربية مشتركة,رد على غالي,الجميع,شعبي,متوسطة,لا,🔥 شائعة جدًا,إعادة تعريف الغلو بالقيمة
O002,ممكن يبان غالي، بس شوف اللي قدامه وأرخص منه — وقارن بنفسك,قد يبدو غاليًا لكن قارن بنفسك,مشتركة,عربية مشتركة,رد على غالي,الجميع,شعبي,متوسطة,لا,⭐ شائعة,مقارنة حسية
O003,الرخيص اللي بتشتروه كل شهر = اللي غالي مرة وحدة,الرخيص المتكرر يساوي الغالي مرة,مشتركة,عربية مشتركة,رد على غالي,الجميع,شعبي,متوسطة,لا,🔥 شائعة جدًا,مثل غالي مرة ولا رخيص مرتين
O004,وين لقيت أرخص؟ روح شوف، وإذا ما عجبك ارجع — أنا ما أهرب,أين وجدت أرخص؟ اذهب وانظر ثم عد,مشتركة,عربية مشتركة,رد على غالي/مقارنة,الجميع,شعبي,عالية,لا,⭐ شائعة,تحدي واثق
O005,أنا مش غالي، أنا مكلف. الفرق بيني وبين غيري الضمان,لست غاليًا بل مكلف؛ الفرق الضمان,مشتركة,عربية مشتركة,رد على غالي,الجميع,شعبي,متوسطة,لا,✅ مفيدة,تمييز بالخدمة
O006,غالي بالنسبة للجيب، بس رخيص بالنسبة للعمر,غالٍ على الجيب رخيص على مدى العمر,مشتركة,عربية مشتركة,رد على غالي,الجميع,شعبي,متوسطة,لا,⭐ شائعة,تأطير الزمن
O007,قول لي كم يليق عليك، ونشوف إذا نقدر نتوصل,قل لي السعر المناسب عندك,مشتركة,عربية مشتركة,رد على غالي,الجميع,شعبي,متوسطة,لا,⭐ شائعة,فتح مساومة بدل جدال
O008,معك حق، في ناس تغلي. بس إحنا سعرنا على حاله، والجودة قدامك,معك حق فبعضهم يغالي؛ سعرنا ثابت,مشتركة,عربية مشتركة,رد على غالي,الجميع,محترم وودود,متوسطة,لا,✅ مفيدة,لا يدافع ولا يهاجم
O009,فكر براحتك، بس خذ كل المعلومة قبل ما تروح,فكر براحتك لكن خذ المعلومة كاملة,مشتركة,عربية مشتركة,رد على سأفكر,الجميع,شعبي,منخفضة,لا,⭐ شائعة,
O010,شنو اللي مخليك تفكر؟ يمكن نحله سوا,ما الذي يجعلك تفكر؟ ربما نحله معًا,مشتركة,عربية مشتركة,رد على سأفكر,الجميع,شعبي,متوسطة,لا,⭐ شائعة,يفتح الاعتراض الخفي
O011,طبيعي الواحد يفكر قبل ما يشتري — هذا يدل على إنك عاقل,من الطبيعي التفكير قبل الشراء,مشتركة,عربية مشتركة,رد على سأفكر,الجميع,شعبي,عالية,لا,✅ مفيدة,مجاملة + تطبيع
O012,خذ رقمي، وإذا قررت كلمني — وأنا أحجزها لك,خذ رقمي وأنا أحجزها لك,مشتركة,عربية مشتركة,رد على سأفكر,الجميع,محترم وودود,متوسطة,لا,⭐ شائعة,يحول بعدين إلى التزام تواصل
O013,مش ضروري تقرر اليوم. بس تعال بكرة نشوفها مرة ثانية,ليس ضروريًا أن تقرر اليوم,مشتركة,عربية مشتركة,رد على سأفكر,الجميع,شعبي,متوسطة,لا,⭐ شائعة,يثبت موعدًا
O014,يمكن، بس شوف: أرخص من وين؟ أصلًا ولا تقليد؟,ربما، لكن من أين الأرخص؟ أصلي أم مقلد؟,مشتركة,عربية مشتركة,رد على عند غيركم أرخص,الجميع,شعبي,متوسطة,لا,⭐ شائعة,يفتح سؤال الجودة
O015,الفرق بينا: عندهم سعر، وعندنا سعر + ضمان + خدمة,الفرق بيننا: الضمان والخدمة,مشتركة,عربية مشتركة,رد على مقارنة,الجميع,شعبي,متوسطة,لا,⭐ شائعة,
O016,روح شوفهم، وارجع قارن — أنا واثق من بضاعتي,اذهب إليهم وقارن؛ أنا واثق,مشتركة,عربية مشتركة,رد على مقارنة,الجميع,شعبي,عالية,لا,🔥 شائعة جدًا,لا تخف من المقارنة
O017,ما تشيل هم، عندنا خيارات أحلى وأوفر,لا تقلق، عندنا خيارات أجمل وأوفر,مشتركة,عربية مشتركة,ميزانية محدودة,الجميع,شعبي,متوسطة,لا,⭐ شائعة,لا تحكم عليه
O018,عندنا نفس النوع بس بدون كذا — وسعره أنسب,عندنا نفس النوع بميزة أقل وسعر أنسب,مشتركة,عربية مشتركة,ميزانية محدودة,الجميع,شعبي,منخفضة,لا,⭐ شائعة,نسخة اقتصادية
O019,نقدر نرتب لك الدفع على دفعتين,يمكننا ترتيب الدفع على دفعتين,مشتركة,عربية مشتركة,ميزانية محدودة,الجميع,محترم وودود,منخفضة,لا,⭐ شائعة,مرونة دفع
O020,الأسئلة مرحب فيها، اسأل براحتك — حتى لو ما اشتريت,الأسئلة مرحب بها حتى بدون شراء,مشتركة,عربية مشتركة,زبون يسأل فقط,الجميع,محترم وودود,متوسطة,لا,⭐ شائعة,يزيل الحرج
O021,أنا هنا عشان أجاوب، والشراء قرارك,أنا هنا للإجابة والشراء قرارك,مشتركة,عربية مشتركة,زبون يسأل فقط,الجميع,محترم وودود,متوسطة,لا,✅ مفيدة,
O022,ماشي، بس شوف هذا قبل ما تخرج — سؤال واحد بس,حسنًا، لكن انظر إلى هذا قبل الخروج,مشتركة,عربية مشتركة,فرصة أخيرة,الجميع,شعبي,متوسطة,لا,⭐ شائعة,
O023,الموجود قدامك، بس أقدر أطلبه لك خلال كذا يوم,أستطيع طلبه لك خلال أيام,مشتركة,عربية مشتركة,منتج غير موجود,الجميع,محترم وودود,منخفضة,لا,🔥 شائعة جدًا,يحول الرفض لصفقة آجلة
O024,عندنا بديل أحسن منه، شوفه قبل ما تقرر,عندنا بديل أفضل منه,مشتركة,عربية مشتركة,منتج غير موجود,الجميع,شعبي,منخفضة,لا,🔥 شائعة جدًا,البديل قبل الاعتذار
O025,راح يكون عندنا الأسبوع الجاي، أخذ رقمك ونكلمك أول ما يوصل,سيتوفر الأسبوع القادم وسنخبرك,مشتركة,عربية مشتركة,منتج غير موجود,الجميع,محترم وودود,منخفضة,لا,⭐ شائعة,يحول الخروج لانتظار
I001,نغلفها لك؟,هل نغلفها لك؟,مشتركة,عربية مشتركة,إغلاق,الجميع,شعبي,منخفضة,لا,🔥 شائعة جدًا,الافتراض الأنعم
I002,نحسبها لك؟,هل نحسبها لك؟,مشتركة,عربية مشتركة,إغلاق,الجميع,شعبي,منخفضة,لا,🔥 شائعة جدًا,الحسبة تساوي الإغلاق
I003,خلاص، اتفقنا؟,حسنًا، هل اتفقنا؟,مشتركة,عربية مشتركة,إغلاق,الجميع,شعبي,متوسطة,لا,🔥 شائعة جدًا,
I004,تاخذها ولا تاخذ الثانية؟,تأخذ هذه أم الثانية؟,مشتركة,عربية مشتركة,إغلاق بخيارين,الجميع,شعبي,متوسطة,لا,⭐ شائعة,خياران كلاهما شراء
I005,نغلفها هدية ولا عادية؟,نغلفها كهدية أم عادية؟,مشتركة,عربية مشتركة,إغلاق بخيارين,الجميع,شعبي,متوسطة,لا,🔥 شائعة جدًا,
I006,تاخذها اليوم ولا نوصلهالك؟,تأخذها اليوم أم نوصلها لك؟,مشتركة,عربية مشتركة,إغلاق بخيارين,الجميع,شعبي,متوسطة,لا,⭐ شائعة,
I007,أحسنت الاختيار، والله ما بتندم,أحسنت الاختيار ولن تندم,مشتركة,عربية مشتركة,تثبيت بعد نعم,الجميع,شعبي,عالية,لا,🔥 شائعة جدًا,تأكيد قراره
I008,خلني أظبطها لك أحسن شكل,دعني أهيئها لك بأحسن شكل,مشتركة,عربية مشتركة,تثبيت,الجميع,شعبي,عالية,لا,⭐ شائعة,يبدأ بالتنفيذ
I009,هذي صارت أمانة عندي — نرتبها لك أحسن ترتيب,هذه أصبحت أمانة عندي,مشتركة,عربية مشتركة,تثبيت,الجميع,شعبي,عالية,لا,⭐ شائعة,
I010,أنا رابح فيك، وأنت رابح في البضاعة — صفقة طيبة,أنا رابح بك وأنت رابح بالبضاعة,مشتركة,عربية مشتركة,تثبيت,الجميع,شعبي,عالية,لا,⭐ شائعة,إعلان الربح المزدوج
I011,آخر قطعة — إذا ما خذيتها اليوم، بكرة بتنندم,آخر قطعة، إن لم تأخذها اليوم,مشتركة,عربية مشتركة,إغلاق بالندرة,الجميع,شعبي,متوسطة,لا,⭐ شائعة,
I012,العرض ينتهي اليوم — القرار قرارك، بس أذكّرك,العرض ينتهي اليوم والقرار قرارك,مشتركة,عربية مشتركة,إغلاق بالوقت,الجميع,شعبي,متوسطة,لا,⭐ شائعة,
I013,براحتك، ما فيش استعجال — احسبها بهدوء,لا استعجال، احسبها بهدوء,مشتركة,عربية مشتركة,إغلاق مع مماطل,الجميع,شعبي,متوسطة,لا,⭐ شائعة,
I014,نقبل كاش، شبكة، أو على دفعات,نقبل النقد أو الشبكة أو الدفعات,مشتركة,عربية مشتركة,تسهيل الدفع,الجميع,محترم وودود,منخفضة,لا,⭐ شائعة,
I015,الفاتورة معك — وكل شي موثق,الفاتورة معك وكل شيء موثق,مشتركة,عربية مشتركة,توثيق,الجميع,محترم وودود,منخفضة,لا,⭐ شائعة,
XS001,خذ معها هذا — يكملها وبيطلع الشكل أحلى,خذ معها هذا ليكملها,مشتركة,عربية مشتركة,بيع إضافي,الجميع,شعبي,منخفضة,لا,🔥 شائعة جدًا,
XS002,عندنا الشي اللي يناسبها — كثير ياخذون الاثنين مع بعض,عندنا ما يناسبها وكثيرون يأخذونهما معًا,مشتركة,عربية مشتركة,بيع إضافي,الجميع,شعبي,منخفضة,لا,🔥 شائعة جدًا,
XS003,هذا الحزام/الحقيبة/الغطا — يضبط معها بالضبط,هذا ينسق معها تمامًا,مشتركة,عربية مشتركة,بيع إضافي,الجميع,شعبي,منخفضة,لا,⭐ شائعة,
XS004,شوف: هذا مع هذا — صاروا طقم كامل,انظر، أصبحا طقمًا كاملًا,مشتركة,عربية مشتركة,بيع إضافي,الجميع,شعبي,منخفضة,لا,⭐ شائعة,
XS005,لو أخذت هذا معه، بيوفر عليك مشوار ثاني,سيوفر عليك مشوارًا آخر,مشتركة,عربية مشتركة,بيع إضافي,الجميع,شعبي,منخفضة,لا,⭐ شائعة,تبرير بمصلحته
XS006,الزبون اللي أخذها البارحة رجع أخذ هذا,الزبون الذي أخذها أمس عاد لهذا,مشتركة,عربية مشتركة,بيع إضافي,الجميع,شعبي,منخفضة,لا,✅ مفيدة,إثبات اجتماعي
XS007,لأنك أخذت هذا، أعطيك الثاني بخصم,لأنك أخذت هذا أعطيك الثاني بخصم,مشتركة,عربية مشتركة,بيع إضافي,الجميع,شعبي,منخفضة,لا,🔥 شائعة جدًا,الخصم المشروط
XS008,بس تزيد شوي، تاخذ الأفضل — والفرق بسيط,بزيادة بسيطة تأخذ الأفضل,مشتركة,عربية مشتركة,ترقية,الجميع,شعبي,منخفضة,لا,🔥 شائعة جدًا,تأطير الزيادة البسيطة
XS009,النسخة الأكبر أوفر لك على المدى الطويل,النسخة الأكبر أوفر لك طويلًا,مشتركة,عربية مشتركة,ترقية,الجميع,شعبي,منخفضة,لا,⭐ شائعة,
XS010,خذ الأصلية، التقليد يندمك بعد شهر,خذ الأصلية فالمقلد يندمك,مشتركة,عربية مشتركة,ترقية,الجميع,شعبي,متوسطة,لا,⭐ شائعة,للإلكترونيات والأحذية
XS011,الأغلى تدفعه مرة، والأرخص تدفعه مرتين,الأغلى تدفعه مرة والأرخص مرتين,مشتركة,عربية مشتركة,ترقية,الجميع,شعبي,متوسطة,لا,⭐ شائعة,
XS012,نجمع لك الحسبة كاملة؟ بطلعلك سعر أحسن,نجمع لك الحساب كاملًا بسعر أفضل,مشتركة,عربية مشتركة,تجميع,الجميع,شعبي,منخفضة,لا,⭐ شائعة,التجميع عادة شرقية
XS013,عندك مناسبة قريبة؟ جهزلك هدية كاملة,عندك مناسبة قريبة؟ نجهز لك هدية,مشتركة,عربية مشتركة,تجميع,الجميع,شعبي,منخفضة,لا,⭐ شائعة,
V001,الله يسلمك، شكرًا من القلب,الله يسلمك، شكرًا من القلب,مشتركة,عربية مشتركة,شكر,الجميع,محترم وودود,متوسطة,لا,🔥 شائعة جدًا,
V002,شكرًا لثقتك — هذا أهم شي عندنا,شكرًا لثقتك فهي الأهم عندنا,مشتركة,عربية مشتركة,شكر,الجميع,محترم وودود,متوسطة,لا,⭐ شائعة,
V003,نستناك على طول، المحل بيتك,ننتظرك دائمًا فالمحل بيتك,مشتركة,عربية مشتركة,دعوة عودة,الجميع,شعبي,عالية,لا,🔥 شائعة جدًا,
V004,مرة ثانية، وعلى خير,إلى مرة ثانية وعلى خير,مشتركة,عربية مشتركة,وداع,الجميع,محترم وودود,متوسطة,لا,🔥 شائعة جدًا,دعاء وتوديع شرقي
V005,لا تنسانا — إحنا موجودين دايمًا,لا تنسنا فنحن موجودون دائمًا,مشتركة,عربية مشتركة,دعوة عودة,الجميع,شعبي,متوسطة,لا,⭐ شائعة,
V006,بكرة عندنا بضاعة جديدة — تعال شوفها,غدًا عندنا بضاعة جديدة تعال,مشتركة,عربية مشتركة,دعوة عودة,الجميع,شعبي,متوسطة,لا,⭐ شائعة,سبب محدد للعودة
V007,سلملي على صحابك — وجيبهم معك,سلم على أصدقائك وأحضرهم معك,مشتركة,عربية مشتركة,إحالة بلطف,الجميع,شعبي,عالية,لا,⭐ شائعة,
V008,الله يوفقك، وترجع بالسلامة,الله يوفقك وتعود بالسلامة,مشتركة,عربية مشتركة,وداع,الجميع,محترم وودود,متوسطة,لا,⭐ شائعة,
V009,تساهيل، وفي أمان الله,ميسرة، وفي أمان الله,عمان/خليج,عمانية/خليجية,وداع,الجميع,شعبي,متوسطة,لا,⭐ شائعة,
V010,الله معك، ونورتنا — المرة الجاية على طول,الله معك، أنرتنا، عُد إلينا,مشتركة,عربية مشتركة,وداع لمن لم يشترِ,الجميع,محترم وودود,متوسطة,لا,⭐ شائعة,
V011,يا هلا بزبوننا الغالي! من زمان ما شفناك,أهلًا بزبوننا الغالي، اشتقنا لك,مشتركة,عربية مشتركة,ترحيب دائم,دائم,شعبي,عالية,لا,🔥 شائعة جدًا,
V012,حجزت لك اللي طلبته — وصل أمس,حجزت لك ما طلبته فقد وصل أمس,مشتركة,عربية مشتركة,ترحيب دائم,دائم,شعبي,عالية,لا,⭐ شائعة,تذكر الطلبات ذهب
V013,أنا أعرف ذوقك — هذي بتناسبك,أعرف ذوقك وهذه ستناسبك,مشتركة,عربية مشتركة,بناء علاقة,دائم,شعبي,عالية,لا,⭐ شائعة,
V014,كيف العيلة؟ كيف الأهل؟,كيف العائلة والأهل؟,مشتركة,عربية مشتركة,اهتمام شخصي,دائم,شعبي,عالية,لا,⭐ شائعة,
V015,كل 5 مشتريات، السادسة عليّ (هدية),كل خمس مشتريات والسادسة هدية,مشتركة,عربية مشتركة,وفاء,الجميع,شعبي,منخفضة,لا,⭐ شائعة,
V016,خذ رقمنا — إذا وصلك شي جديد نكلمك,خذ رقمنا لنخبرك بالجديد,مشتركة,عربية مشتركة,تواصل,الجميع,محترم وودود,منخفضة,لا,🔥 شائعة جدًا,أعذر طريقة للحصول على تواصل
V017,نقدر نرسلك على الواتساب صور البضاعة الجديدة؟,هل يمكن إرسال صور الجديد واتساب؟,مشتركة,عربية مشتركة,تواصل,الجميع,محترم وودود,منخفضة,لا,⭐ شائعة,صريح ومريح
V018,غبت عنا فترة — إحنا نشتق لزبوننا الأول,غبت عنا فترة ونحن نشتاق إليك,مشتركة,عربية مشتركة,استعادة زبون,دائم,شعبي,عالية,لا,⭐ شائعة,بلا عتاب
V019,ولا يهمك، احنا عارفين إنك مشغول — بس بابنا مفتوح,لا بأس فنحن نعلم أنك مشغول,مشتركة,عربية مشتركة,استعادة زبون,دائم,شعبي,عالية,لا,⭐ شائعة,يمنحه عذرًا كريمًا
V020,إذا عجبتك — قل لغيرك، وإذا ما عجبتك — قل لي أنا,إن أعجبتك فأخبر غيرك وإن لم تعجبك أخبرني,مشتركة,عربية مشتركة,عبارة ذهبية,الجميع,شعبي,عالية,لا,⭐ شائعة,أشهر عبارات جودة الخدمة الشعبية
Z001,معك حق، وأنا أسمعك,معك حق وأنا أسمعك,مشتركة,عربية مشتركة,زبون غاضب,الجميع,محترم وودود,منخفضة,لا,🔥 شائعة جدًا,الاعتراف بالحق أولًا
Z002,أنا فاهم زعلك، وأنا مكانك كنت زعلت,أفهم غضبك ولو كنت مكانك لغضبت,مشتركة,عربية مشتركة,زبون غاضب,الجميع,محترم وودود,متوسطة,لا,🔥 شائعة جدًا,التعاطف قبل الحل
Z003,خليني أفهم المشكلة بالضبط، عشان أحلها لك صح,دعني أفهم المشكلة لأحلها صحيحًا,مشتركة,عربية مشتركة,زبون غاضب,الجميع,محترم وودود,منخفضة,لا,⭐ شائعة,
Z004,أنا هنا عشان أحل المشكلة، مش عشان أجادلك,أنا هنا للحل لا للجدال,مشتركة,عربية مشتركة,زبون غاضب,الجميع,محترم وودود,منخفضة,لا,⭐ شائعة,
Z005,غلطنا، وبنصلحه — هذا وعد مني,أخطأنا وسنصلحه وهذا وعد مني,مشتركة,عربية مشتركة,اعتذار,الجميع,محترم وودود,متوسطة,لا,🔥 شائعة جدًا,
Z006,شكرًا إنك قلتها لنا — لأن في ناس يروحون وما يقولون,شكرًا لإخبارنا فبعضهم يرحل صامتًا,مشتركة,عربية مشتركة,استقبال شكوى,الجميع,محترم وودود,متوسطة,لا,⭐ شائعة,يحول الشكوى إلى هدية
Z007,معك حق، غلطنا — هذا مو مستوانا,معك حق أخطأنا وهذا ليس مستوانا,مشتركة,عربية مشتركة,اعتذار,الجميع,محترم وودود,متوسطة,لا,🔥 شائعة جدًا,اعتراف+تفسير+تعويض
Z008,أنا آسف، وبنعوضك: إما نبدلها لك أو نرجع لك فلوسك,أنا آسف ونعوضك بالبدل أو الاسترداد,مشتركة,عربية مشتركة,اعتذار بتعويض,الجميع,محترم وودود,متوسطة,لا,🔥 شائعة جدًا,
Z009,أنا ما بطل منك أبدًا — وبثبتلك إن شاء الله,لن أخذلك أبدًا وسأثبت لك ذلك,مشتركة,عربية مشتركة,استعادة ثقة,الجميع,محترم وودود,عالية,لا,⭐ شائعة,
Z010,خذ هدية منا — والخدمة الحقيقية بالمرة الجاية,خذ هدية منا والخدمة الحقيقية قادمة,مشتركة,عربية مشتركة,استعادة ثقة,الجميع,شعبي,متوسطة,لا,✅ مفيدة,تعويض مادي
H001,يا هلا وسهلا، نورتونا,أهلًا وسهلًا أنرتم المكان,مشتركة,مشتركة,حوار نموذجي,الجميع,شعبي,متوسطة,لا,🔥 شائعة جدًا,بداية الحوار النموذجي
H002,الله يسلمك، بس أتفرج,الله يسلمك أنا أتفرج فقط,مشتركة,مشتركة,رد زبون نموذجي,الجميع,شعبي,متوسطة,لا,🔥 شائعة جدًا,
H003,اتفضل خذ راحتك، شوف اللي يعجبك، وإذا تبغى شيء قل لي,تفضل وخذ راحتك وأنا حاضر,مشتركة,مشتركة,استكمال حوار,الجميع,شعبي,متوسطة,لا,🔥 شائعة جدًا,الرد الأمثل على بس أتفرج
MU001,تريدها بلاش؟ خذ المحل كمان!,تريدها مجانًا؟ خذ المحل أيضًا,مشتركة,عربية مشتركة,مزاح مساومة,الجميع,شعبي,عالية,نعم,🔥 شائعة جدًا,مبالغة فكاهية
MU002,أنت كسرتني اليوم، بس خذها,لقد كسرتني اليوم ولكن خذها,مشتركة,عربية مشتركة,مزاح مساومة,الجميع,شعبي,عالية,نعم,⭐ شائعة,اعتراف مرح بالهزيمة
MU003,إذا كملت مساومة، بطلع خسران ومش راح أقدر أفتح المحل بكرة,إن أكملت المساومة سأفلس,مشتركة,عربية مشتركة,مزاح مساومة,الجميع,شعبي,عالية,نعم,⭐ شائعة,
MU004,إيدك على البضاعة = البضاعة صارت ملكك,لمس البضاعة يعني شراءها,شام/مصر,شامية/مصرية,مزاح تحذيري,الجميع,شعبي,عالية,نعم,⭐ شائعة,للمكثر من اللمس
MU005,اليوم لك غير — كل شي على كيفك,اليوم لك وحدك كل شيء كما تحب,مشتركة,عربية مشتركة,مزاح ترحيبي,الجميع,شعبي,عالية,نعم,🔥 شائعة جدًا,
MU006,لا تشيل هم السعر، همك الوحيد إنك تختار,لا تقلق من السعر همك الاختيار,مشتركة,عربية مشتركة,مزاح خفيف,الجميع,شعبي,عالية,نعم,⭐ شائعة,
MU007,دخلت المحل وصرت من أهل البيت — وأهل البيت ما يطلعون ببلاش,دخلت فصرت من أهل البيت وهم لا يغادرون بلا شراء,مشتركة,عربية مشتركة,مزاح فخ,دائم,شعبي,عالية,نعم,⭐ شائعة,مع الدائمين
MU008,بس لا تخبر جارك بالسعر، وإلا الكل بيجي يطلب نفس المعاملة,لا تخبر جارك بالسعر وإلا جاء الجميع,مشتركة,عربية مشتركة,مزاح سرية,الجميع,شعبي,عالية,نعم,🔥 شائعة جدًا,
MU009,الفرق ريال! يعني بتضيع الصفقة على ريال؟,الفرق ريال واحد! أتضيع الصفقة من أجله؟,مشتركة,عربية مشتركة,مزاح إغلاق,الجميع,شعبي,عالية,نعم,⭐ شائعة,
MU010,أنت ناوي تفلسني؟,أنت تنوي إفلاسي؟,مصر,مصرية,مزاح مساومة,الجميع,شعبي,عالية,نعم,⭐ شائعة,
MU011,ولك، تريدها هدية؟,تريدها هدية؟,عراق/خليج,عراقية/خليجية,مزاح مساومة,الجميع,شعبي,عالية,نعم,⭐ شائعة,بنبرة ضاحكة
MU012,أول زبون اليوم = بركة — لك خصم خاص,أول زبون اليوم بركة وله خصم,مشتركة,عربية مشتركة,مزاح ترحيب,الجميع,شعبي,عالية,نعم,⭐ شائعة,
MU013,آخر زبون = قافلين عليك بنص السعر,أنت آخر زبون فنغلق بنصف السعر,مشتركة,عربية مشتركة,مزاح وداع,الجميع,شعبي,عالية,نعم,✅ مفيدة,
MU014,يا شيخنا، إنت شايف الحياة قدامي — بس هذا الشغل يخدمك ولا يخذلك,أنت أدرى بالحياة وهذا يخدمك,مشتركة,عربية مشتركة,مزاح مع كبير,رجل كبير,شعبي,عالية,نعم,⭐ شائعة,مزاح مسبوق باحترام
MU015,أنا صاحب المحل من زمان، وبضاعتي ما تكذب — بس أنا أبالغ شوي,بضاعتي لا تكذب لكني أبالغ قليلًا,مشتركة,عربية مشتركة,صدق مرح,الجميع,شعبي,عالية,نعم,✅ مفيدة,صدق نادر يبني ثقة
MU016,بكرة بترجع تاخدها، وأنا بستناك — وبزيد السعر,ستعود غدًا وأنا في انتظارك وسأرفع السعر,مشتركة,عربية مشتركة,مزاح عكسي,الجميع,شعبي,عالية,نعم,⭐ شائعة,
MU017,خذها — وبكرة أول واحد يسألك منين جبتها، قله: من الحكيم,قل لمن يسألك: من الحكيم,مشتركة,عربية مشتركة,مزاح مع شاب,شاب,شعبي,عالية,نعم,🟡 متوسطة,
MU018,القاعدة عندنا: اللي يلمس يشتري!,قاعدتنا: من يلمس يشتري,مشتركة,عربية مشتركة,مزاح تحذيري,الجميع,شعبي,عالية,نعم,⭐ شائعة,
MU019,حاضر نخدمك — بس لا تأمر ببلاش,نخدمك لكن لا تأمر بمجانية,مشتركة,عربية مشتركة,مزاح خفيف,الجميع,شعبي,عالية,نعم,⭐ شائعة,
MU020,خذ راحتك — بس المحل بيقفل بعد ساعة,خذ راحتك لكن المحل يقفل بعد ساعة,مشتركة,عربية مشتركة,مزاح بالزمن,الجميع,شعبي,عالية,نعم,⭐ شائعة,
MU021,تفرج ولا تدفع — ذي ميزة السوق,تتفرج ولا تدفع فهذه ميزة السوق,مشتركة,عربية مشتركة,مزاح متفرج,الجميع,شعبي,عالية,نعم,✅ مفيدة,
MU022,لو كل زبون قال بس أتفرج وطلع، المحل كان قفل من زمان,لو قال الجميع أتفرج فقط لأغلق المحل,مشتركة,عربية مشتركة,مزاح تطبيع,الجميع,شعبي,عالية,نعم,✅ مفيدة,
MU023,سعري مثل اسمي: طيب,سعري مثل اسمي طيب,مشتركة,عربية مشتركة,تورية,الجميع,شعبي,عالية,نعم,🟡 متوسطة,مزاح شخصي بالاسم
MU024,أنا بستناك — وبستنا فلوسك,أنا أنتظرك وأنتظر مالك,مشتركة,عربية مشتركة,مزاح مع دائم,دائم,شعبي,عالية,نعم,🟡 متوسطة,للدائم فقط
MU025,الزبون اللي ما يساوم، ما نثق فيه!,الزبون الذي لا يساوم لا نثق به,مشتركة,عربية مشتركة,تشجيع مساومة,الجميع,شعبي,عالية,نعم,🟡 متوسطة,
MU026,يا حج، أنت اللي المفروض تعلّمني في التجارة,أنت من يفترض أن يعلمني التجارة,مشتركة,عربية مشتركة,مجاملة مرحة,رجل كبير,شعبي,عالية,نعم,⭐ شائعة,
MU027,ولا تروح لغيرنا — إحنا بلاوينك,لا تذهب لغيرنا فنحن نكفيك,مشتركة,عربية مشتركة,مزاح ولاء,الجميع,شعبي,عالية,نعم,✅ مفيدة,
MU028,إذا ما عجبتك، نرجع نتفاوض من الأول — أنا ما أزعل من الزباين,إن لم تعجبك نتفاوض من جديد,مشتركة,عربية مشتركة,مزاح تفاوض,الجميع,شعبي,عالية,نعم,⭐ شائعة,
MU029,أنا ما أزعل من الزباين — بس الزباين يزعلون مني إذا غليت,الزبائن يغضبون مني إن غاليت,مشتركة,عربية مشتركة,مزاح أسعار,الجميع,شعبي,عالية,نعم,✅ مفيدة,
MU030,شكلك من النوع اللي يفهم — عشان كذا أنا صادق معك: هذا الأفضل,يبدو أنك تفهم ولذلك أنا صادق معك,مشتركة,عربية مشتركة,مزاح + مجاملة,شاب,شعبي,عالية,نعم,⭐ شائعة,
MU031,أنا بستاهلك,أنا أستحقك (سأعاملك بما تستحق),مصر,مصرية,مجاملة مرحة,الجميع,شعبي,عالية,نعم,⭐ شائعة,عند منح خصم
MU032,عشان خاطر عيونك,من أجل عينيك,مشتركة,عربية مشتركة,مجاملة خصم,الجميع,شعبي,عالية,نعم,⭐ شائعة,مع النساء تُقال بحذر شديد
MU033,أنت من اليوم زبون دايم عندي — عشان كذا أعطيك سعر العيلة,أنت من اليوم زبون دائم وسعر العائلة,مشتركة,عربية مشتركة,مزاح ولاء,الجميع,شعبي,عالية,نعم,✅ مفيدة,
MU034,أنا واثق إنك بترجع — لأن اللي ياخذ مني ما يروح لغيري,أنا واثق من عودتك لتشكرني,مشتركة,عربية مشتركة,مزاح ثقة,الجميع,شعبي,عالية,نعم,✅ مفيدة,ثقة مرحة تبني ولاء
MU035,إذا ما عجبتك، بعها لصاحبك بزيادة — عشان تعرف إنها زينة,إن لم تعجبك بعها لصديقك بربح,مشتركة,عربية مشتركة,مزاح مع شباب,شاب,شعبي,عالية,نعم,🟡 متوسطة,
MU036,إنت يا معلم ناوي تفلسني؟,أتريد إفلاسي أيها المعلم؟,مصر,مصرية,مزاح مساومة,رجل,شعبي,عالية,نعم,⭐ شائعة,
MU037,يا هلا بزبونتنا المفضلة — البضاعة تجي، وانتِ تجين، وكلهم على بعضهم,أهلًا بزبونتنا المفضلة,مشتركة,عربية مشتركة,مزاح مع دائمة,امرأة دائمة,شعبي,عالية,نعم,⭐ شائعة,مع دائمة معروفة فقط
MU038,يا قلبي، هذا لونك — خذيه قبل ما أخذه أنا,هذا لونك خذيه قبل أن آخذه,شام/خليج (بين النساء),شامية/خليجية,مزاح بائعة لزبونة,امرأة,شعبي,عالية,نعم,⭐ شائعة,بين النساء فقط
MU039,أنا ما ببخل على الزبون الطيب,لا أبخل على الزبون الطيب,مشتركة,عربية مشتركة,مزاح كرم,الجميع,شعبي,عالية,نعم,⭐ شائعة,
MU040,تعال جرب، وإذا ما عجبتك تلومني — وأنا حاضر أتحمل,إن لم يعجبك فلومني وأنا أتحمل,مشتركة,عربية مشتركة,مزاح ضمان,الجميع,شعبي,عالية,نعم,✅ مفيدة,
MU041,بكرة أشوفك؟,هل أراك غدًا؟,مشتركة,عربية مشتركة,مزاح وداع,الجميع,شعبي,عالية,نعم,✅ مفيدة,
MU042,لا تنسى إنك عندك محل ثاني هنا,لا تنس أن لك محلًا ثانيًا هنا,مشتركة,عربية مشتركة,مزاح ولاء,الجميع,شعبي,عالية,نعم,✅ مفيدة,يجعل المحل ملاذًا
MU043,سعرنا ثابت، بس نضيفلك هدية — عشان عينك تبقى حلوة,سعرنا ثابت ونضيف هدية,مشتركة,عربية مشتركة,مزاح هدية,الجميع,شعبي,عالية,نعم,✅ مفيدة,
MU044,اللي يبغى الجودة يعرف ثمنها,من يريد الجودة يعرف ثمنها,خليج,خليجية,رد على غالي,الجميع,شعبي,عالية,لا,⭐ شائعة,
MU045,خذها بالبركة — والبركة في الزباين,خذها بالبركة والبركة في الزبائن,مشتركة,عربية مشتركة,ختام,الجميع,شعبي,عالية,لا,🔥 شائعة جدًا,
MU046,أنا مش بس بائع — أنا مستشارك في المشتريات,لست بائعًا فقط بل مستشارك,مشتركة,عربية مشتركة,فكاهة عصرية,شاب,عفوي,عالية,نعم,🟡 متوسطة,مع الشباب
MU047,هذا اللي أهلي ياخذونه من عندي,هذا ما يشتريه أهلي مني,مشتركة,عربية مشتركة,ثقة عائلية,الجميع,شعبي,عالية,لا,✅ مفيدة,
MU048,إذا رجعت تلاقيني — وإذا ما رجعت، أنا بكون هنا برضه,إن عدت ستجدني وإن لم تعد سأبقى هنا,مشتركة,عربية مشتركة,مزاح ثبات,الجميع,شعبي,عالية,نعم,✅ مفيدة,
MU049,أهلاً بيك يا وجه الخير,أهلًا بك يا وجه الخير,شام/خليج,شامية/خليجية,ترحيب مبارك,الجميع,شعبي,عالية,لا,⭐ شائعة,الزبون وجه خير
MU050,أول ما شفتك عرفت إنك زبون محترم,من أول نظرة عرفت أنك زبون محترم,مشتركة,عربية مشتركة,مجاملة جذب,الجميع,شعبي,عالية,لا,⭐ شائعة,
